Borough or District,Data Type,Year,PK,K,Grade 1,Grade 2,Grade 3,Grade 4,Grade 5,Grade 6,Grade 7,Grade 8,Grade 9,Grade 10,Grade 11,Grade 12,GED,Total
1,Historical,2017-18,800,851,846,854,862,839,813,786,798,843,,,,,,8292
1,Projected,2018-19,756,842,850,810,824,838,810,764,768,808,,,,,,8070
1,Projected,2019-20,747,796,841,814,780,805,808,761,745,778,,,,,,7875
1,Projected,2020-21,687,783,795,805,783,760,777,761,742,754,,,,,,7647
1,Projected,2021-22,715,719,782,761,775,761,733,729,742,752,,,,,,7469
1,Projected,2022-23,712,748,717,748,733,757,734,685,711,752,,,,,,7297
1,Projected,2023-24,711,745,747,686,720,716,730,694,666,720,,,,,,7135
1,Projected,2024-25,708,743,744,715,660,703,691,685,676,675,,,,,,7000
1,Projected,2025-26,688,741,742,712,688,642,679,646,669,685,,,,,,6892
1,Projected,2026-27,669,720,741,710,685,672,620,636,630,678,,,,,,6761
1,Projected,2027-28,647,700,720,709,683,669,648,581,620,639,,,,,,6616
2,Historical,2017-18,2558,3193,2961,2873,2750,2777,2864,2743,2580,2548,,,,,,27847
2,Projected,2018-19,2513,2996,3093,2876,2786,2724,2691,2813,2681,2601,,,,,,27774
2,Projected,2019-20,2431,3028,2901,3006,2790,2765,2640,2649,2748,2703,,,,,,27661
2,Projected,2020-21,2418,2945,2935,2817,2913,2772,2680,2600,2591,2769,,,,,,27440
2,Projected,2021-22,2419,2903,2853,2854,2731,2891,2688,2643,2543,2613,,,,,,27138
2,Projected,2022-23,2475,2925,2812,2773,2768,2711,2804,2654,2586,2565,,,,,,27073
2,Projected,2023-24,2531,2992,2832,2734,2689,2753,2629,2767,2598,2610,,,,,,27135
2,Projected,2024-25,2590,3061,2896,2753,2649,2672,2673,2593,2707,2623,,,,,,27217
2,Projected,2025-26,2594,3133,2962,2816,2667,2631,2593,2643,2538,2732,,,,,,27309
2,Projected,2026-27,2600,3142,3032,2880,2727,2649,2555,2563,2588,2562,,,,,,27298
2,Projected,2027-28,2608,3150,3039,2948,2789,2709,2572,2524,2510,2613,,,,,,27462
3,Historical,2017-18,1144,1295,1388,1442,1437,1401,1361,1390,1464,1427,,,,,,13749
3,Projected,2018-19,1098,1258,1303,1333,1425,1405,1399,1452,1360,1450,,,,,,13483
3,Projected,2019-20,1038,1267,1266,1254,1317,1393,1403,1488,1421,1347,,,,,,13194
3,Projected,2020-21,1026,1223,1275,1217,1239,1288,1391,1494,1456,1406,,,,,,13015
3,Projected,2021-22,1034,1209,1230,1227,1203,1210,1286,1476,1462,1440,,,,,,12777
3,Projected,2022-23,1044,1223,1217,1182,1212,1176,1206,1367,1441,1447,,,,,,12515
3,Projected,2023-24,1052,1240,1232,1171,1167,1185,1174,1273,1337,1425,,,,,,12256
3,Projected,2024-25,1059,1257,1249,1186,1157,1140,1183,1244,1242,1322,,,,,,12039
3,Projected,2025-26,1042,1275,1267,1203,1172,1130,1138,1254,1214,1228,,,,,,11923
3,Projected,2026-27,1027,1265,1285,1221,1189,1146,1127,1202,1227,1201,,,,,,11890
3,Projected,2027-28,1012,1256,1276,1239,1207,1161,1143,1191,1174,1214,,,,,,11873
4,Historical,2017-18,889,831,918,978,1002,990,978,1001,972,962,,,,,,9521
4,Projected,2018-19,922,898,837,903,959,978,969,933,982,953,,,,,,9334
4,Projected,2019-20,884,856,906,824,887,938,957,927,916,963,,,,,,9058
4,Projected,2020-21,905,815,865,889,809,868,918,913,909,899,,,,,,8790
4,Projected,2021-22,903,842,823,849,875,793,852,876,897,891,,,,,,8601
4,Projected,2022-23,915,840,851,808,837,857,779,814,860,880,,,,,,8441
4,Projected,2023-24,927,855,849,835,796,822,843,748,799,844,,,,,,8318
4,Projected,2024-25,938,871,865,833,823,781,810,806,735,785,,,,,,8247
4,Projected,2025-26,928,887,882,848,820,808,769,777,791,722,,,,,,8232
4,Projected,2026-27,920,885,899,864,835,804,797,735,763,779,,,,,,8281
4,Projected,2027-28,909,882,898,879,851,820,792,762,722,752,,,,,,8267
5,Historical,2017-18,1033,677,728,753,805,829,785,740,785,782,,,,,,7917
5,Projected,2018-19,1078,661,674,691,742,797,779,772,737,797,,,,,,7728
5,Projected,2019-20,1022,675,658,640,681,734,749,766,768,747,,,,,,7440
5,Projected,2020-21,965,653,672,625,631,674,690,737,763,779,,,,,,7189
5,Projected,2021-22,1015,610,651,638,617,625,633,683,734,774,,,,,,6980
5,Projected,2022-23,1032,645,608,619,629,610,589,629,679,745,,,,,,6785
5,Projected,2023-24,1050,658,643,577,611,622,574,587,626,690,,,,,,6638
5,Projected,2024-25,1067,671,656,612,569,604,586,573,585,636,,,,,,6559
5,Projected,2025-26,1062,683,669,624,604,563,570,584,570,596,,,,,,6525
5,Projected,2026-27,1058,684,680,637,616,598,530,570,581,580,,,,,,6534
5,Projected,2027-28,1054,683,682,647,629,610,564,531,566,592,,,,,,6558
6,Historical,2017-18,1727,1552,1730,1763,1865,1788,1700,1530,1583,1745,,,,,,16983
6,Projected,2018-19,1621,1564,1520,1652,1704,1797,1566,1543,1560,1640,,,,,,16167
6,Projected,2019-20,1597,1501,1531,1452,1598,1642,1573,1418,1570,1616,,,,,,15498
6,Projected,2020-21,1475,1477,1468,1463,1404,1539,1442,1425,1444,1627,,,,,,14764
6,Projected,2021-22,1511,1366,1446,1404,1414,1352,1351,1302,1452,1497,,,,,,14095
6,Projected,2022-23,1502,1400,1336,1383,1356,1361,1188,1220,1327,1506,,,,,,13579
6,Projected,2023-24,1492,1396,1367,1278,1336,1306,1197,1071,1243,1376,,,,,,13062
6,Projected,2024-25,1477,1386,1362,1309,1235,1286,1150,1077,1091,1288,,,,,,12661
6,Projected,2025-26,1430,1375,1351,1305,1264,1189,1133,1034,1098,1131,,,,,,12310
6,Projected,2026-27,1382,1332,1339,1295,1259,1217,1048,1018,1054,1139,,,,,,12083
6,Projected,2027-28,1331,1288,1297,1285,1250,1211,1075,940,1038,1094,,,,,,11809
Manhattan,Historical,2017-18,8151,8399,8571,8663,8721,8624,8501,8190,8182,8307,16313,16074,14038,13761,1825,146320
Manhattan,Projected,2018-19,7988,8219,8277,8265,8440,8539,8214,8277,8088,8249,16902,15629,14029,13745,1861,144722
Manhattan,Projected,2019-20,7719,8123,8103,7990,8053,8277,8130,8009,8168,8154,16898,16183,13658,13759,1861,143085
Manhattan,Projected,2020-21,7476,7896,8010,7816,7779,7901,7898,7930,7905,8234,16801,16202,14170,13394,1861,141273
Manhattan,Projected,2021-22,7597,7649,7785,7733,7615,7632,7543,7709,7830,7967,16971,16088,14190,13909,1861,140079
Manhattan,Projected,2022-23,7680,7781,7541,7513,7535,7472,7300,7369,7604,7895,16576,16250,14112,13926,1861,138415
Manhattan,Projected,2023-24,7763,7886,7670,7281,7319,7404,7147,7140,7269,7665,16496,15857,14278,13867,1861,136903
Manhattan,Projected,2024-25,7839,7989,7772,7408,7093,7186,7093,6978,7036,7329,16275,15793,13915,14038,1861,135605
Manhattan,Projected,2025-26,7744,8094,7873,7508,7215,6963,6882,6938,6880,7094,15820,15562,13861,13669,1861,133964
Manhattan,Projected,2026-27,7656,8028,7976,7607,7311,7086,6677,6724,6843,6939,15668,15085,13681,13615,1861,132757
Manhattan,Projected,2027-28,7561,7959,7912,7707,7409,7180,6794,6529,6630,6904,15370,14971,13256,13449,1861,131492
7,Historical,2017-18,1779,1186,1209,1295,1290,1245,1241,1073,1217,1149,,,,,,12684
7,Projected,2018-19,1560,1117,1209,1176,1246,1276,1228,1119,1066,1202,,,,,,12199
7,Projected,2019-20,1531,1191,1137,1175,1130,1233,1258,1108,1114,1053,,,,,,11930
7,Projected,2020-21,1543,1177,1213,1107,1129,1118,1215,1135,1102,1101,,,,,,11840
7,Projected,2021-22,1472,1178,1199,1180,1066,1116,1102,1096,1128,1088,,,,,,11625
7,Projected,2022-23,1479,1125,1200,1167,1135,1055,1101,994,1089,1114,,,,,,11459
7,Projected,2023-24,1487,1129,1146,1168,1123,1123,1039,993,988,1076,,,,,,11272
7,Projected,2024-25,1494,1136,1150,1116,1124,1111,1106,938,988,976,,,,,,11139
7,Projected,2025-26,1492,1142,1156,1120,1075,1112,1094,998,932,976,,,,,,11097
7,Projected,2026-27,1490,1139,1163,1126,1079,1064,1095,989,992,920,,,,,,11057
7,Projected,2027-28,1489,1138,1160,1133,1086,1068,1048,988,983,979,,,,,,11072
8,Historical,2017-18,2077,1981,2063,2183,2210,2142,2208,2112,2160,1942,,,,,,21078
8,Projected,2018-19,2142,1984,2011,1990,2113,2191,2134,2106,2123,2186,,,,,,20980
8,Projected,2019-20,2116,2063,2018,1939,1927,2095,2184,2034,2117,2150,,,,,,20643
8,Projected,2020-21,1999,2044,2098,1948,1878,1912,2089,2084,2043,2144,,,,,,20239
8,Projected,2021-22,1969,1924,2083,2025,1888,1864,1906,1994,2095,2068,,,,,,19816
8,Projected,2022-23,1966,1898,1958,2013,1963,1874,1859,1819,2005,2121,,,,,,19476
8,Projected,2023-24,1965,1896,1934,1890,1953,1948,1871,1777,1831,2030,,,,,,19095
8,Projected,2024-25,1960,1895,1933,1868,1832,1941,1945,1791,1788,1857,,,,,,18810
8,Projected,2025-26,1945,1892,1933,1869,1813,1818,1940,1861,1805,1812,,,,,,18688
8,Projected,2026-27,1928,1877,1932,1870,1814,1802,1815,1861,1876,1831,,,,,,18606
8,Projected,2027-28,1911,1861,1918,1869,1816,1803,1800,1738,1878,1903,,,,,,18497
9,Historical,2017-18,2521,2638,2733,2826,2785,2772,2718,2707,2659,2654,,,,,,27013
9,Projected,2018-19,2578,2661,2630,2585,2695,2679,2645,2620,2661,2672,,,,,,26426
9,Projected,2019-20,2573,2716,2652,2490,2465,2593,2558,2550,2576,2674,,,,,,25847
9,Projected,2020-21,2480,2721,2706,2509,2375,2373,2476,2467,2507,2590,,,,,,25204
9,Projected,2021-22,2515,2618,2714,2560,2392,2287,2267,2386,2427,2521,,,,,,24687
9,Projected,2022-23,2542,2653,2611,2571,2441,2302,2186,2186,2347,2440,,,,,,24279
9,Projected,2023-24,2569,2681,2644,2472,2454,2349,2199,2106,2151,2360,,,,,,23985
9,Projected,2024-25,2593,2709,2673,2502,2358,2363,2244,2120,2073,2164,,,,,,23799
9,Projected,2025-26,2602,2738,2701,2530,2387,2270,2261,2164,2087,2085,,,,,,23825
9,Projected,2026-27,2612,2747,2730,2557,2414,2298,2171,2182,2129,2099,,,,,,23939
9,Projected,2027-28,2622,2758,2740,2584,2440,2324,2196,2095,2149,2141,,,,,,24049
10,Historical,2017-18,3743,4110,4230,4191,4335,4278,4201,3936,3825,3796,,,,,,40645
10,Projected,2018-19,3566,4062,4154,4113,4005,4249,4143,3842,3960,3899,,,,,,39993
10,Projected,2019-20,3695,3922,4106,4037,3930,3926,4115,3791,3865,4036,,,,,,39423
10,Projected,2020-21,3573,4060,3966,3991,3856,3854,3803,3767,3815,3939,,,,,,38624
10,Projected,2021-22,3645,3915,4105,3856,3812,3783,3736,3484,3793,3886,,,,,,38015
10,Projected,2022-23,3687,4010,3957,3992,3685,3740,3664,3425,3507,3863,,,,,,37530
10,Projected,2023-24,3728,4060,4055,3847,3814,3612,3622,3355,3450,3573,,,,,,37116
10,Projected,2024-25,3769,4109,4107,3945,3675,3742,3500,3318,3377,3515,,,,,,37057
10,Projected,2025-26,3789,4156,4157,3995,3770,3608,3626,3209,3341,3441,,,,,,37092
10,Projected,2026-27,3807,4179,4203,4044,3817,3700,3495,3325,3232,3404,,,,,,37206
10,Projected,2027-28,3824,4203,4227,4091,3865,3746,3585,3203,3350,3293,,,,,,37387
11,Historical,2017-18,3140,2853,3076,3234,3301,3306,3416,3022,3083,3092,,,,,,31523
11,Projected,2018-19,3325,2892,3035,3039,3189,3306,3310,3198,3075,3156,,,,,,31525
11,Projected,2019-20,3161,2981,3078,2999,2996,3194,3310,3098,3255,3148,,,,,,31220
11,Projected,2020-21,3206,2843,3172,3041,2961,3001,3200,3103,3154,3330,,,,,,31011
11,Projected,2021-22,3165,2890,3024,3133,3002,2967,3006,3005,3159,3229,,,,,,30580
11,Projected,2022-23,3192,2825,3075,2990,3093,3008,2972,2825,3060,3233,,,,,,30273
11,Projected,2023-24,3216,2844,3003,3040,2953,3099,3014,2800,2877,3132,,,,,,29978
11,Projected,2024-25,3242,2864,3022,2970,3004,2960,3104,2839,2852,2944,,,,,,29801
11,Projected,2025-26,3249,2884,3041,2989,2934,3011,2967,2925,2891,2920,,,,,,29811
11,Projected,2026-27,3254,2888,3061,3008,2954,2940,3018,2795,2979,2959,,,,,,29856
11,Projected,2027-28,3257,2889,3064,3027,2972,2960,2945,2848,2848,3050,,,,,,29860
12,Historical,2017-18,1418,1617,1751,1889,1873,1891,1841,1609,1705,1645,,,,,,17239
12,Projected,2018-19,1430,1705,1638,1716,1819,1834,1862,1623,1614,1721,,,,,,16962
12,Projected,2019-20,1416,1676,1727,1605,1651,1780,1807,1642,1631,1627,,,,,,16562
12,Projected,2020-21,1409,1666,1697,1693,1546,1619,1753,1593,1651,1647,,,,,,16274
12,Projected,2021-22,1448,1663,1687,1662,1631,1515,1598,1548,1602,1668,,,,,,16022
12,Projected,2022-23,1471,1701,1685,1657,1600,1599,1495,1408,1557,1619,,,,,,15792
12,Projected,2023-24,1493,1728,1723,1659,1597,1568,1579,1319,1419,1573,,,,,,15658
12,Projected,2024-25,1516,1755,1750,1692,1601,1568,1547,1390,1329,1437,,,,,,15585
12,Projected,2025-26,1531,1785,1777,1717,1631,1573,1549,1365,1402,1345,,,,,,15675
12,Projected,2026-27,1545,1803,1808,1745,1656,1599,1556,1361,1375,1420,,,,,,15868
12,Projected,2027-28,1559,1820,1826,1776,1683,1625,1579,1365,1375,1392,,,,,,16000
Bronx,Historical,2017-18,14678,14385,15062,15618,15794,15634,15625,14459,14649,14278,15256,14443,12198,11395,1915,205389
Bronx,Projected,2018-19,14601,14421,14677,14619,15067,15535,15322,14508,14499,14836,15203,13937,11752,11294,1972,202243
Bronx,Projected,2019-20,14492,14549,14718,14245,14099,14821,15232,14223,14558,14688,15810,13870,11338,10878,1972,199493
Bronx,Projected,2020-21,14210,14511,14852,14289,13745,13877,14536,14149,14272,14751,15568,14422,11297,10505,1972,196956
Bronx,Projected,2021-22,14214,14188,14812,14416,13791,13532,13615,13513,14204,14460,15679,14171,11744,10446,1972,194757
Bronx,Projected,2022-23,14337,14212,14486,14390,13917,13578,13277,12657,13565,14390,15343,14278,11544,10865,1972,192811
Bronx,Projected,2023-24,14458,14338,14505,14076,13894,13699,13324,12350,12716,13744,15309,13990,11624,10674,1972,190673
Bronx,Projected,2024-25,14574,14468,14635,14093,13594,13685,13446,12396,12407,12893,14622,13968,11402,10749,1972,188904
Bronx,Projected,2025-26,14608,14597,14765,14220,13610,13392,13437,12522,12458,12579,13759,13346,11393,10549,1972,187207
Bronx,Projected,2026-27,14636,14633,14897,14350,13734,13403,13150,12513,12583,12633,13465,12551,10877,10550,1972,185947
Bronx,Projected,2027-28,14662,14669,14935,14480,13862,13526,13153,12237,12583,12758,13480,12290,10242,10067,1972,184916
13,Historical,2017-18,1261,1131,1126,1076,1123,1082,1098,733,691,622,,,,,,9943
13,Projected,2018-19,1177,1077,1111,1087,1025,1082,1023,772,694,677,,,,,,9725
13,Projected,2019-20,1161,1043,1054,1074,1035,988,1021,716,727,675,,,,,,9494
13,Projected,2020-21,1188,1028,1018,1018,1023,997,932,710,675,712,,,,,,9301
13,Projected,2021-22,1095,1054,1002,983,969,985,939,649,666,660,,,,,,9002
13,Projected,2022-23,1075,974,1026,967,934,932,928,648,608,654,,,,,,8746
13,Projected,2023-24,1053,957,944,990,917,897,877,643,608,596,,,,,,8482
13,Projected,2024-25,1032,939,925,910,940,882,843,600,602,598,,,,,,8271
13,Projected,2025-26,1008,921,905,891,861,903,829,575,563,592,,,,,,8048
13,Projected,2026-27,985,902,885,871,841,826,848,566,539,556,,,,,,7819
13,Projected,2027-28,963,883,865,851,822,806,775,576,530,533,,,,,,7604
14,Historical,2017-18,1435,1227,1211,1229,1213,1252,1235,1194,1141,1290,,,,,,12427
14,Projected,2018-19,1502,1197,1195,1187,1162,1196,1204,1262,1198,1145,,,,,,12248
14,Projected,2019-20,1465,1247,1165,1171,1122,1145,1149,1224,1265,1203,,,,,,12156
14,Projected,2020-21,1394,1213,1214,1142,1106,1104,1102,1173,1227,1267,,,,,,11942
14,Projected,2021-22,1292,1153,1179,1188,1076,1088,1063,1118,1175,1229,,,,,,11561
14,Projected,2022-23,1257,1063,1120,1155,1121,1056,1048,1077,1121,1176,,,,,,11194
14,Projected,2023-24,1220,1030,1030,1097,1089,1103,1017,1063,1078,1121,,,,,,10848
14,Projected,2024-25,1186,998,997,1007,1034,1070,1062,1022,1065,1076,,,,,,10517
14,Projected,2025-26,1149,966,964,975,947,1015,1031,1073,1022,1064,,,,,,10206
14,Projected,2026-27,1111,933,931,942,917,930,978,1039,1073,1019,,,,,,9873
14,Projected,2027-28,1074,900,898,909,885,900,897,985,1039,1070,,,,,,9557
15,Historical,2017-18,2728,3117,3123,3051,3054,2994,2953,2108,1981,1914,,,,,,27023
15,Projected,2018-19,2702,3037,3096,3010,2982,2967,2901,2208,2065,1971,,,,,,26939
15,Projected,2019-20,2644,3052,3018,2983,2941,2897,2876,2165,2165,2052,,,,,,26793
15,Projected,2020-21,2437,2981,3031,2913,2910,2853,2809,2155,2123,2153,,,,,,26365
15,Projected,2021-22,2566,2752,2960,2924,2849,2822,2765,2114,2113,2111,,,,,,25976
15,Projected,2022-23,2547,2905,2730,2856,2858,2762,2734,2057,2073,2103,,,,,,25625
15,Projected,2023-24,2528,2886,2877,2632,2793,2769,2676,2009,2017,2064,,,,,,25251
15,Projected,2024-25,2508,2867,2857,2770,2572,2705,2683,1987,1968,2007,,,,,,24924
15,Projected,2025-26,2484,2847,2836,2750,2704,2490,2621,1982,1946,1957,,,,,,24617
15,Projected,2026-27,2460,2822,2814,2729,2684,2614,2412,1942,1942,1935,,,,,,24354
15,Projected,2027-28,2435,2797,2787,2706,2664,2593,2532,1780,1902,1932,,,,,,24128
16,Historical,2017-18,689,524,478,496,583,509,507,307,320,362,,,,,,4775
16,Projected,2018-19,683,477,501,465,483,539,447,312,287,300,,,,,,4494
16,Projected,2019-20,640,476,457,487,454,448,474,277,291,269,,,,,,4273
16,Projected,2020-21,660,453,457,444,475,421,395,295,259,273,,,,,,4132
16,Projected,2021-22,663,471,435,445,433,440,371,250,276,244,,,,,,4028
16,Projected,2022-23,652,464,453,424,434,404,388,233,235,259,,,,,,3946
16,Projected,2023-24,644,458,446,442,415,405,359,247,219,223,,,,,,3858
16,Projected,2024-25,634,453,440,434,433,389,360,235,233,208,,,,,,3819
16,Projected,2025-26,623,448,436,428,423,406,349,239,223,221,,,,,,3796
16,Projected,2026-27,612,442,431,425,418,396,365,238,227,214,,,,,,3768
16,Projected,2027-28,602,436,425,420,415,391,353,253,228,217,,,,,,3740
17,Historical,2017-18,1919,1351,1377,1328,1453,1415,1414,1499,1561,1508,,,,,,14825
17,Projected,2018-19,1990,1257,1304,1348,1295,1398,1334,1497,1514,1600,,,,,,14537
17,Projected,2019-20,1978,1251,1212,1272,1315,1245,1321,1409,1512,1552,,,,,,14067
17,Projected,2020-21,1872,1247,1208,1184,1245,1266,1176,1396,1422,1550,,,,,,13566
17,Projected,2021-22,1832,1142,1205,1179,1157,1199,1197,1239,1410,1458,,,,,,13018
17,Projected,2022-23,1772,1146,1103,1175,1155,1115,1139,1266,1249,1445,,,,,,12565
17,Projected,2023-24,1714,1102,1107,1074,1152,1114,1058,1204,1278,1281,,,,,,12084
17,Projected,2024-25,1658,1060,1065,1078,1052,1111,1058,1118,1218,1309,,,,,,11727
17,Projected,2025-26,1597,1020,1025,1037,1057,1014,1055,1118,1129,1248,,,,,,11300
17,Projected,2026-27,1539,976,986,998,1018,1019,966,1113,1131,1156,,,,,,10902
17,Projected,2027-28,1480,934,943,958,981,981,969,1020,1126,1159,,,,,,10551
18,Historical,2017-18,1404,975,1047,1074,1160,1155,1236,1086,1113,1062,,,,,,11312
18,Projected,2018-19,1462,994,981,1001,1059,1156,1069,1099,1095,1117,,,,,,11033
18,Projected,2019-20,1477,1003,1058,941,986,1055,1071,951,1107,1099,,,,,,10748
18,Projected,2020-21,1445,1014,1062,1015,927,982,979,954,958,1110,,,,,,10446
18,Projected,2021-22,1349,992,1072,1020,1001,924,910,874,962,959,,,,,,10063
18,Projected,2022-23,1314,947,1045,1029,1006,998,859,809,880,963,,,,,,9850
18,Projected,2023-24,1281,927,990,1003,1015,1003,931,767,815,879,,,,,,9611
18,Projected,2024-25,1246,907,968,949,989,1012,936,837,773,817,,,,,,9434
18,Projected,2025-26,1211,886,944,928,935,986,944,842,844,772,,,,,,9292
18,Projected,2026-27,1181,864,920,904,915,932,919,848,848,846,,,,,,9177
18,Projected,2027-28,1146,845,894,881,891,912,867,824,854,848,,,,,,8962
19,Historical,2017-18,1823,1670,1677,1750,1706,1835,1804,1655,1684,1574,,,,,,17178
19,Projected,2018-19,1856,1679,1637,1600,1679,1682,1750,1632,1654,1680,,,,,,16849
19,Projected,2019-20,1841,1690,1645,1564,1536,1656,1604,1583,1632,1655,,,,,,16406
19,Projected,2020-21,1898,1682,1657,1572,1503,1515,1582,1454,1582,1631,,,,,,16076
19,Projected,2021-22,1839,1751,1651,1583,1512,1485,1450,1428,1454,1584,,,,,,15737
19,Projected,2022-23,1828,1671,1719,1578,1522,1492,1426,1300,1430,1456,,,,,,15422
19,Projected,2023-24,1817,1665,1638,1643,1518,1503,1432,1269,1304,1434,,,,,,15223
19,Projected,2024-25,1807,1656,1633,1565,1581,1500,1444,1275,1275,1309,,,,,,15045
19,Projected,2025-26,1795,1650,1624,1561,1505,1563,1442,1284,1281,1284,,,,,,14989
19,Projected,2026-27,1782,1640,1618,1551,1502,1486,1505,1278,1291,1290,,,,,,14943
19,Projected,2027-28,1770,1632,1609,1545,1492,1483,1427,1326,1286,1302,,,,,,14872
20,Historical,2017-18,4119,4352,4214,4001,4221,4008,4091,4123,3998,3994,,,,,,41121
20,Projected,2018-19,4179,4132,4394,4152,3918,4184,3939,4198,4145,4070,,,,,,41311
20,Projected,2019-20,4147,4234,4167,4331,4066,3883,4113,4056,4220,4220,,,,,,41437
20,Projected,2020-21,4055,4232,4269,4110,4241,4032,3817,4243,4077,4297,,,,,,41373
20,Projected,2021-22,4402,4087,4269,4210,4024,4207,3963,3935,4266,4153,,,,,,41516
20,Projected,2022-23,4478,4526,4120,4209,4122,3992,4135,4087,3957,4345,,,,,,41971
20,Projected,2023-24,4551,4611,4569,4062,4122,4088,3924,4272,4110,4029,,,,,,42338
20,Projected,2024-25,4625,4692,4657,4503,3976,4089,4017,4027,4296,4186,,,,,,43068
20,Projected,2025-26,4690,4773,4740,4589,4409,3941,4018,4122,4047,4378,,,,,,43707
20,Projected,2026-27,4752,4845,4822,4671,4493,4372,3872,4134,4142,4123,,,,,,44226
20,Projected,2027-28,4817,4916,4895,4751,4574,4454,4297,3970,4155,4221,,,,,,45050
21,Historical,2017-18,2980,2278,2187,2212,2287,2241,2223,3113,3053,2990,,,,,,25564
21,Projected,2018-19,3067,2187,2298,2178,2227,2294,2185,3337,3122,3086,,,,,,25981
21,Projected,2019-20,3220,2261,2205,2290,2193,2234,2237,3267,3347,3157,,,,,,26411
21,Projected,2020-21,3204,2398,2279,2197,2305,2200,2182,3338,3278,3386,,,,,,26767
21,Projected,2021-22,3034,2392,2417,2274,2212,2314,2151,3290,3351,3316,,,,,,26751
21,Projected,2022-23,3042,2233,2414,2410,2293,2220,2263,3236,3302,3388,,,,,,26801
21,Projected,2023-24,3050,2233,2253,2412,2428,2301,2170,3402,3249,3340,,,,,,26838
21,Projected,2024-25,3059,2232,2253,2251,2434,2437,2254,3269,3416,3290,,,,,,26895
21,Projected,2025-26,3060,2232,2252,2251,2270,2443,2383,3418,3281,3459,,,,,,27049
21,Projected,2026-27,3061,2226,2253,2251,2271,2278,2397,3594,3432,3322,,,,,,27085
21,Projected,2027-28,3063,2221,2245,2253,2273,2279,2235,3634,3608,3477,,,,,,27288
22,Historical,2017-18,2788,2663,2688,2779,2824,2802,2869,2065,2130,2104,,,,,,25712
22,Projected,2018-19,2860,2560,2707,2663,2723,2821,2753,2148,2103,2156,,,,,,25494
22,Projected,2019-20,2865,2687,2600,2690,2608,2720,2775,2064,2187,2129,,,,,,25325
22,Projected,2020-21,2777,2675,2732,2582,2640,2606,2680,2073,2101,2213,,,,,,25079
22,Projected,2021-22,2757,2601,2718,2717,2531,2639,2568,2004,2113,2128,,,,,,24776
22,Projected,2022-23,2742,2592,2646,2706,2667,2529,2609,1917,2044,2141,,,,,,24593
22,Projected,2023-24,2731,2581,2636,2637,2660,2667,2496,1947,1954,2073,,,,,,24382
22,Projected,2024-25,2717,2570,2624,2624,2592,2660,2639,1861,1986,1980,,,,,,24253
22,Projected,2025-26,2702,2558,2614,2613,2578,2593,2634,1969,1898,2015,,,,,,24174
22,Projected,2026-27,2683,2544,2602,2605,2568,2579,2571,1963,2009,1925,,,,,,24049
22,Projected,2027-28,2668,2528,2588,2594,2560,2569,2556,1917,2005,2039,,,,,,24024
23,Historical,2017-18,1047,632,683,714,766,727,694,863,878,883,,,,,,7887
23,Projected,2018-19,889,638,652,651,693,749,667,890,838,866,,,,,,7533
23,Projected,2019-20,918,602,657,622,632,677,688,848,866,826,,,,,,7336
23,Projected,2020-21,897,629,621,627,604,618,621,883,823,854,,,,,,7177
23,Projected,2021-22,866,625,648,592,608,591,566,792,859,811,,,,,,6958
23,Projected,2022-23,853,596,645,618,574,594,542,724,770,847,,,,,,6763
23,Projected,2023-24,841,588,615,616,600,561,545,693,703,759,,,,,,6521
23,Projected,2024-25,827,581,606,587,598,587,515,691,673,693,,,,,,6358
23,Projected,2025-26,813,572,599,578,570,584,539,658,671,663,,,,,,6247
23,Projected,2026-27,801,564,590,572,561,557,536,684,640,660,,,,,,6165
23,Projected,2027-28,786,558,582,563,555,548,511,675,665,630,,,,,,6073
32,Historical,2017-18,1012,687,758,856,853,907,930,1004,1078,1053,,,,,,9138
32,Projected,2018-19,1000,641,671,725,815,794,883,966,975,1045,,,,,,8515
32,Projected,2019-20,862,610,626,639,689,758,774,918,937,946,,,,,,7759
32,Projected,2020-21,813,529,595,596,607,640,738,803,891,908,,,,,,7120
32,Projected,2021-22,960,500,517,567,565,564,624,763,780,864,,,,,,6704
32,Projected,2022-23,929,588,489,493,538,525,550,661,741,758,,,,,,6272
32,Projected,2023-24,896,569,575,466,467,500,512,576,641,719,,,,,,5921
32,Projected,2024-25,866,550,556,547,441,434,487,536,559,621,,,,,,5597
32,Projected,2025-26,833,531,537,529,519,410,423,513,520,542,,,,,,5357
32,Projected,2026-27,800,512,519,510,501,483,400,446,498,505,,,,,,5174
32,Projected,2027-28,768,492,500,492,483,465,470,420,433,484,,,,,,5007
Brooklyn,Historical,2017-18,23205,20607,20569,20566,21243,20927,21054,19750,19628,19356,22109,22185,18420,18455,2591,290665
Brooklyn,Projected,2018-19,23367,19876,20547,20067,20061,20862,20155,20321,19690,19713,21929,21880,18077,18288,2606,287439
Brooklyn,Projected,2019-20,23218,20156,19864,20064,19577,19706,20103,19478,20256,19783,22310,21717,17814,17917,2606,284569
Brooklyn,Projected,2020-21,22640,20081,20143,19400,19586,19234,19013,19477,19416,20354,22416,22091,17677,17691,2606,281825
Brooklyn,Projected,2021-22,22655,19520,20073,19682,18937,19258,18567,18456,19425,19517,23003,22201,17939,17544,2606,279383
Brooklyn,Projected,2022-23,22489,19705,19510,19620,19224,18619,18621,18015,18410,19535,22177,22786,18038,17818,2606,277173
Brooklyn,Projected,2023-24,22326,19607,19680,19074,19176,18911,17997,18092,17976,18518,22300,21964,18539,17919,2606,274685
Brooklyn,Projected,2024-25,22165,19505,19581,19225,18642,18876,18298,17458,18064,18094,21233,22094,17888,18418,2606,272147
Brooklyn,Projected,2025-26,21965,19404,19476,19130,18778,18348,18268,17793,17425,18195,20835,21022,17974,17765,2606,268984
Brooklyn,Projected,2026-27,21767,19270,19371,19029,18689,18472,17769,17845,17772,17551,21036,20629,17129,17858,2606,266793
Brooklyn,Projected,2027-28,21572,19142,19231,18923,18595,18381,17889,17380,17831,17912,20346,20865,16789,17010,2606,264472
24,Historical,2017-18,3980,4774,4852,4904,4947,5084,4768,4314,4446,4362,,,,,,46431
24,Projected,2018-19,3857,4698,4745,4674,4831,4891,4842,4326,4438,4464,,,,,,45766
24,Projected,2019-20,3868,4614,4669,4570,4604,4776,4656,4387,4454,4456,,,,,,45054
24,Projected,2020-21,3601,4624,4585,4497,4502,4552,4548,4222,4513,4473,,,,,,44117
24,Projected,2021-22,3709,4300,4595,4416,4430,4452,4335,4121,4345,4531,,,,,,43234
24,Projected,2022-23,3689,4426,4271,4427,4351,4381,4240,3932,4240,4362,,,,,,42319
24,Projected,2023-24,3666,4399,4394,4114,4361,4303,4172,3853,4047,4258,,,,,,41567
24,Projected,2024-25,3643,4371,4366,4233,4052,4312,4099,3786,3970,4065,,,,,,40897
24,Projected,2025-26,3596,4340,4337,4205,4168,4007,4107,3724,3899,3989,,,,,,40372
24,Projected,2026-27,3547,4281,4305,4178,4141,4122,3816,3731,3837,3917,,,,,,39875
24,Projected,2027-28,3497,4218,4246,4148,4115,4096,3926,3470,3844,3856,,,,,,39416
25,Historical,2017-18,3098,3036,3015,2790,2906,2879,3005,2826,2796,2761,,,,,,29112
25,Projected,2018-19,3269,3017,3043,2968,2738,2879,2841,3096,2828,2831,,,,,,29510
25,Projected,2019-20,3145,3184,3028,2995,2914,2715,2842,2928,3097,2864,,,,,,29712
25,Projected,2020-21,3221,3056,3192,2981,2939,2887,2681,2933,2929,3136,,,,,,29955
25,Projected,2021-22,3254,3157,3065,3142,2926,2911,2851,2769,2937,2966,,,,,,29978
25,Projected,2022-23,3321,3193,3168,3017,3084,2900,2873,2935,2775,2975,,,,,,30241
25,Projected,2023-24,3388,3266,3202,3120,2961,3055,2864,2954,2940,2811,,,,,,30561
25,Projected,2024-25,3458,3340,3274,3154,3063,2933,3016,2951,2957,2978,,,,,,31124
25,Projected,2025-26,3503,3416,3349,3224,3096,3035,2897,3100,2956,2995,,,,,,31571
25,Projected,2026-27,3550,3469,3425,3299,3165,3066,2998,2979,3103,2995,,,,,,32049
25,Projected,2027-28,3598,3524,3477,3374,3238,3134,3028,3081,2983,3143,,,,,,32580
26,Historical,2017-18,1745,1874,1745,1861,1862,1869,2026,1965,1924,2071,,,,,,18942
26,Projected,2018-19,1776,1792,1898,1747,1858,1883,1896,2188,1978,1968,,,,,,18984
26,Projected,2019-20,1849,1856,1816,1901,1744,1878,1913,2043,2205,2022,,,,,,19227
26,Projected,2020-21,1891,1927,1879,1818,1898,1764,1907,2067,2058,2260,,,,,,19469
26,Projected,2021-22,1814,1981,1956,1882,1815,1918,1792,2058,2082,2109,,,,,,19407
26,Projected,2022-23,1843,1904,2007,1960,1878,1834,1949,1940,2074,2135,,,,,,19524
26,Projected,2023-24,1871,1937,1929,2013,1959,1897,1863,2113,1956,2125,,,,,,19663
26,Projected,2024-25,1900,1968,1961,1935,2010,1981,1928,2015,2131,2005,,,,,,19834
26,Projected,2025-26,1917,1999,1993,1969,1934,2035,2014,2090,2032,2185,,,,,,20168
26,Projected,2026-27,1936,2019,2024,2002,1968,1957,2072,2184,2107,2083,,,,,,20352
26,Projected,2027-28,1953,2040,2045,2033,2000,1991,1995,2259,2202,2161,,,,,,20679
27,Historical,2017-18,2994,3314,3401,3403,3575,3534,3701,3542,3602,3636,,,,,,34702
27,Projected,2018-19,3013,3307,3279,3377,3335,3492,3527,3712,3565,3632,,,,,,34239
27,Projected,2019-20,3038,3353,3276,3256,3310,3260,3483,3540,3736,3596,,,,,,33848
27,Projected,2020-21,3080,3377,3323,3257,3192,3235,3253,3490,3566,3767,,,,,,33540
27,Projected,2021-22,2998,3445,3344,3304,3193,3119,3229,3256,3513,3600,,,,,,33001
27,Projected,2022-23,3005,3338,3418,3324,3239,3123,3113,3235,3278,3543,,,,,,32616
27,Projected,2023-24,3014,3351,3308,3401,3258,3168,3117,3121,3258,3307,,,,,,32303
27,Projected,2024-25,3023,3366,3321,3289,3333,3186,3163,3131,3143,3288,,,,,,32243
27,Projected,2025-26,3011,3381,3338,3303,3224,3264,3181,3180,3157,3172,,,,,,32211
27,Projected,2026-27,2999,3371,3353,3321,3238,3154,3261,3197,3208,3189,,,,,,32291
27,Projected,2027-28,2984,3365,3345,3337,3255,3169,3149,3285,3224,3242,,,,,,32355
28,Historical,2017-18,3298,2751,2827,2820,2784,2845,2748,2588,2533,2474,,,,,,27668
28,Projected,2018-19,3374,2846,2761,2747,2788,2752,2787,2675,2566,2573,,,,,,27869
28,Projected,2019-20,3391,2897,2855,2686,2717,2756,2695,2712,2653,2606,,,,,,27968
28,Projected,2020-21,3388,2906,2908,2776,2660,2687,2697,2624,2689,2697,,,,,,28032
28,Projected,2021-22,3380,2915,2915,2829,2748,2631,2629,2620,2601,2736,,,,,,28004
28,Projected,2022-23,3429,2901,2927,2837,2803,2717,2575,2551,2594,2643,,,,,,27977
28,Projected,2023-24,3479,2946,2911,2852,2810,2773,2658,2493,2526,2637,,,,,,28085
28,Projected,2024-25,3530,2991,2957,2834,2829,2778,2713,2574,2469,2571,,,,,,28246
28,Projected,2025-26,3561,3036,3002,2879,2809,2796,2716,2624,2548,2516,,,,,,28487
28,Projected,2026-27,3589,3062,3048,2924,2854,2777,2732,2624,2597,2597,,,,,,28804
28,Projected,2027-28,3620,3090,3074,2969,2901,2821,2715,2633,2596,2648,,,,,,29067
29,Historical,2017-18,2343,2206,2283,2375,2231,2374,2613,2303,2206,2268,,,,,,23202
29,Projected,2018-19,2356,2167,2221,2236,2351,2256,2354,2445,2287,2227,,,,,,22900
29,Projected,2019-20,2354,2233,2182,2178,2218,2378,2239,2193,2434,2307,,,,,,22716
29,Projected,2020-21,2496,2238,2251,2141,2165,2247,2361,2072,2185,2459,,,,,,22615
29,Projected,2021-22,2341,2369,2257,2208,2128,2200,2233,2187,2070,2211,,,,,,22204
29,Projected,2022-23,2348,2233,2388,2214,2197,2163,2192,2050,2185,2099,,,,,,22069
29,Projected,2023-24,2355,2247,2254,2343,2202,2234,2155,1987,2055,2214,,,,,,22046
29,Projected,2024-25,2363,2260,2270,2212,2331,2240,2227,1950,2000,2088,,,,,,21941
29,Projected,2025-26,2355,2276,2285,2228,2202,2372,2231,2008,1963,2039,,,,,,21959
29,Projected,2026-27,2346,2277,2302,2243,2220,2242,2365,2015,2023,2002,,,,,,22035
29,Projected,2027-28,2341,2276,2304,2261,2236,2261,2236,2128,2030,2066,,,,,,22139
30,Historical,2017-18,3230,2930,2989,3038,2993,2945,3141,3340,3237,3111,,,,,,30954
30,Projected,2018-19,3224,2966,2882,2891,2938,2925,2929,3507,3178,3246,,,,,,30686
30,Projected,2019-20,3207,2978,2914,2788,2795,2873,2908,3271,3338,3186,,,,,,30258
30,Projected,2020-21,3174,2966,2925,2820,2696,2733,2855,3246,3115,3347,,,,,,29877
30,Projected,2021-22,3204,2934,2913,2831,2726,2634,2718,3189,3091,3124,,,,,,29364
30,Projected,2022-23,3227,2954,2878,2820,2736,2664,2620,3036,3038,3099,,,,,,29072
30,Projected,2023-24,3247,2971,2902,2787,2725,2675,2653,2922,2893,3046,,,,,,28821
30,Projected,2024-25,3268,2989,2917,2807,2694,2663,2666,2959,2783,2900,,,,,,28646
30,Projected,2025-26,3270,3005,2934,2821,2710,2633,2652,2972,2820,2790,,,,,,28607
30,Projected,2026-27,3269,3004,2949,2838,2723,2650,2627,2957,2834,2828,,,,,,28679
30,Projected,2027-28,3269,3001,2948,2853,2738,2663,2640,2927,2819,2842,,,,,,28700
Queens,Historical,2017-18,20688,20885,21112,21191,21298,21530,22002,20878,20744,20683,22343,20236,17967,17388,1250,290195
Queens,Projected,2018-19,20869,20793,20829,20640,20839,21078,21176,21949,20840,20941,22628,20469,17628,17356,1271,289306
Queens,Projected,2019-20,20852,21115,20740,20374,20302,20636,20736,21074,21917,21037,22965,20747,17849,17054,1271,288669
Queens,Projected,2020-21,20851,21094,21063,20290,20052,20105,20302,20654,21055,22139,23055,21063,18135,17293,1271,288422
Queens,Projected,2021-22,20700,21101,21045,20612,19966,19865,19787,20200,20639,21277,24087,21172,18390,17541,1271,287653
Queens,Projected,2022-23,20862,20949,21057,20599,20288,19782,19562,19679,20184,20856,23442,22133,18505,17774,1271,286943
Queens,Projected,2023-24,21020,21117,20900,20630,20276,20105,19482,19443,19675,20398,23027,21543,19383,17882,1271,286152
Queens,Projected,2024-25,21185,21285,21066,20464,20312,20093,19812,19366,19453,19895,22619,21139,18862,18724,1271,285546
Queens,Projected,2025-26,21213,21453,21238,20629,20143,20142,19798,19698,19375,19686,22062,20785,18497,18211,1271,284201
Queens,Projected,2026-27,21236,21483,21406,20805,20309,19968,19871,19687,19709,19611,21880,20266,18201,17831,1271,283534
Queens,Projected,2027-28,21262,21514,21439,20975,20483,20135,19689,19783,19698,19958,21859,20117,17770,17538,1271,283491
31,Historical,2017-18,3948,4412,4610,4662,4612,4669,4645,4359,4229,4198,,,,,,44344
31,Projected,2018-19,4022,4373,4538,4603,4620,4606,4641,4385,4367,4263,,,,,,44418
31,Projected,2019-20,4046,4360,4495,4539,4576,4622,4586,4380,4400,4407,,,,,,44411
31,Projected,2020-21,4104,4400,4475,4490,4517,4595,4608,4336,4401,4448,,,,,,44374
31,Projected,2021-22,4148,4464,4528,4468,4464,4543,4599,4364,4363,4454,,,,,,44395
31,Projected,2022-23,4173,4527,4595,4526,4439,4484,4552,4373,4395,4420,,,,,,44484
31,Projected,2023-24,4199,4559,4665,4612,4501,4455,4488,4335,4416,4457,,,,,,44687
31,Projected,2024-25,4224,4590,4701,4669,4600,4523,4454,4268,4383,4489,,,,,,44901
31,Projected,2025-26,4245,4622,4735,4707,4648,4639,4528,4236,4312,4460,,,,,,45132
31,Projected,2026-27,4265,4649,4771,4742,4687,4678,4661,4307,4275,4385,,,,,,45420
31,Projected,2027-28,4284,4673,4801,4780,4722,4719,4689,4455,4353,4343,,,,,,45819
Staten Island,Historical,2017-18,3948,4412,4610,4662,4612,4669,4645,4359,4229,4198,4941,4929,4218,3900,340,62672
Staten Island,Projected,2018-19,4022,4373,4538,4603,4620,4606,4641,4385,4367,4263,4909,4767,4397,3776,352,62619
Staten Island,Projected,2019-20,4046,4360,4495,4539,4576,4622,4586,4380,4400,4407,5004,4730,4274,3939,352,62710
Staten Island,Projected,2020-21,4104,4400,4475,4490,4517,4595,4608,4336,4401,4448,5192,4817,4226,3834,352,62795
Staten Island,Projected,2021-22,4148,4464,4528,4468,4464,4543,4599,4364,4363,4454,5304,5004,4289,3789,352,63133
Staten Island,Projected,2022-23,4173,4527,4595,4526,4439,4484,4552,4373,4395,4420,5366,5111,4461,3843,352,63617
Staten Island,Projected,2023-24,4199,4559,4665,4612,4501,4455,4488,4335,4416,4457,5340,5172,4545,4000,352,64096
Staten Island,Projected,2024-25,4224,4590,4701,4669,4600,4523,4454,4268,4383,4489,5407,5158,4587,4080,352,64485
Staten Island,Projected,2025-26,4245,4622,4735,4707,4648,4639,4528,4236,4312,4460,5487,5230,4592,4118,352,64911
Staten Island,Projected,2026-27,4265,4649,4771,4742,4687,4678,4661,4307,4275,4385,5462,5330,4668,4131,352,65363
Staten Island,Projected,2027-28,4284,4673,4801,4780,4722,4719,4689,4455,4353,4343,5361,5318,4792,4205,352,65847
Manhattan HS,Historical,2017-18,n/a,n/a,n/a,n/a,n/a,n/a,n/a,n/a,n/a,n/a,16313,16074,14038,13761,1825,
Manhattan HS,Projected,2018-19,n/a,n/a,n/a,n/a,n/a,n/a,n/a,n/a,n/a,n/a,16902,15629,14029,13745,1861,
Manhattan HS,Projected,2019-20,n/a,n/a,n/a,n/a,n/a,n/a,n/a,n/a,n/a,n/a,16898,16183,13658,13759,1861,
Manhattan HS,Projected,2020-21,n/a,n/a,n/a,n/a,n/a,n/a,n/a,n/a,n/a,n/a,16801,16202,14170,13394,1861,
Manhattan HS,Projected,2021-22,n/a,n/a,n/a,n/a,n/a,n/a,n/a,n/a,n/a,n/a,16971,16088,14190,13909,1861,
Manhattan HS,Projected,2022-23,n/a,n/a,n/a,n/a,n/a,n/a,n/a,n/a,n/a,n/a,16576,16250,14112,13926,1861,
Manhattan HS,Projected,2023-24,n/a,n/a,n/a,n/a,n/a,n/a,n/a,n/a,n/a,n/a,16496,15857,14278,13867,1861,
Manhattan HS,Projected,2024-25,n/a,n/a,n/a,n/a,n/a,n/a,n/a,n/a,n/a,n/a,16275,15793,13915,14038,1861,
Manhattan HS,Projected,2025-26,n/a,n/a,n/a,n/a,n/a,n/a,n/a,n/a,n/a,n/a,15820,15562,13861,13669,1861,
Manhattan HS,Projected,2026-27,n/a,n/a,n/a,n/a,n/a,n/a,n/a,n/a,n/a,n/a,15668,15085,13681,13615,1861,
Manhattan HS,Projected,2027-28,n/a,n/a,n/a,n/a,n/a,n/a,n/a,n/a,n/a,n/a,15370,14971,13256,13449,1861,
Bronx HS,Historical,2017-18,n/a,n/a,n/a,n/a,n/a,n/a,n/a,n/a,n/a,n/a,15256,14443,12198,11395,1915,
Bronx HS,Projected,2018-19,n/a,n/a,n/a,n/a,n/a,n/a,n/a,n/a,n/a,n/a,15203,13937,11752,11294,1972,
Bronx HS,Projected,2019-20,n/a,n/a,n/a,n/a,n/a,n/a,n/a,n/a,n/a,n/a,15810,13870,11338,10878,1972,
Bronx HS,Projected,2020-21,n/a,n/a,n/a,n/a,n/a,n/a,n/a,n/a,n/a,n/a,15568,14422,11297,10505,1972,
Bronx HS,Projected,2021-22,n/a,n/a,n/a,n/a,n/a,n/a,n/a,n/a,n/a,n/a,15679,14171,11744,10446,1972,
Bronx HS,Projected,2022-23,n/a,n/a,n/a,n/a,n/a,n/a,n/a,n/a,n/a,n/a,15343,14278,11544,10865,1972,
Bronx HS,Projected,2023-24,n/a,n/a,n/a,n/a,n/a,n/a,n/a,n/a,n/a,n/a,15309,13990,11624,10674,1972,
Bronx HS,Projected,2024-25,n/a,n/a,n/a,n/a,n/a,n/a,n/a,n/a,n/a,n/a,14622,13968,11402,10749,1972,
Bronx HS,Projected,2025-26,n/a,n/a,n/a,n/a,n/a,n/a,n/a,n/a,n/a,n/a,13759,13346,11393,10549,1972,
Bronx HS,Projected,2026-27,n/a,n/a,n/a,n/a,n/a,n/a,n/a,n/a,n/a,n/a,13465,12551,10877,10550,1972,
Bronx HS,Projected,2027-28,n/a,n/a,n/a,n/a,n/a,n/a,n/a,n/a,n/a,n/a,13480,12290,10242,10067,1972,
Brooklyn HS,Historical,2017-18,n/a,n/a,n/a,n/a,n/a,n/a,n/a,n/a,n/a,n/a,22109,22185,18420,18455,2591,
Brooklyn HS,Projected,2018-19,n/a,n/a,n/a,n/a,n/a,n/a,n/a,n/a,n/a,n/a,21929,21880,18077,18288,2606,
Brooklyn HS,Projected,2019-20,n/a,n/a,n/a,n/a,n/a,n/a,n/a,n/a,n/a,n/a,22310,21717,17814,17917,2606,
Brooklyn HS,Projected,2020-21,n/a,n/a,n/a,n/a,n/a,n/a,n/a,n/a,n/a,n/a,22416,22091,17677,17691,2606,
Brooklyn HS,Projected,2021-22,n/a,n/a,n/a,n/a,n/a,n/a,n/a,n/a,n/a,n/a,23003,22201,17939,17544,2606,
Brooklyn HS,Projected,2022-23,n/a,n/a,n/a,n/a,n/a,n/a,n/a,n/a,n/a,n/a,22177,22786,18038,17818,2606,
Brooklyn HS,Projected,2023-24,n/a,n/a,n/a,n/a,n/a,n/a,n/a,n/a,n/a,n/a,22300,21964,18539,17919,2606,
Brooklyn HS,Projected,2024-25,n/a,n/a,n/a,n/a,n/a,n/a,n/a,n/a,n/a,n/a,21233,22094,17888,18418,2606,
Brooklyn HS,Projected,2025-26,n/a,n/a,n/a,n/a,n/a,n/a,n/a,n/a,n/a,n/a,20835,21022,17974,17765,2606,
Brooklyn HS,Projected,2026-27,n/a,n/a,n/a,n/a,n/a,n/a,n/a,n/a,n/a,n/a,21036,20629,17129,17858,2606,
Brooklyn HS,Projected,2027-28,n/a,n/a,n/a,n/a,n/a,n/a,n/a,n/a,n/a,n/a,20346,20865,16789,17010,2606,
Queens HS,Historical,2017-18,n/a,n/a,n/a,n/a,n/a,n/a,n/a,n/a,n/a,n/a,22343,20236,17967,17388,1250,
Queens HS,Projected,2018-19,n/a,n/a,n/a,n/a,n/a,n/a,n/a,n/a,n/a,n/a,22628,20469,17628,17356,1271,
Queens HS,Projected,2019-20,n/a,n/a,n/a,n/a,n/a,n/a,n/a,n/a,n/a,n/a,22965,20747,17849,17054,1271,
Queens HS,Projected,2020-21,n/a,n/a,n/a,n/a,n/a,n/a,n/a,n/a,n/a,n/a,23055,21063,18135,17293,1271,
Queens HS,Projected,2021-22,n/a,n/a,n/a,n/a,n/a,n/a,n/a,n/a,n/a,n/a,24087,21172,18390,17541,1271,
Queens HS,Projected,2022-23,n/a,n/a,n/a,n/a,n/a,n/a,n/a,n/a,n/a,n/a,23442,22133,18505,17774,1271,
Queens HS,Projected,2023-24,n/a,n/a,n/a,n/a,n/a,n/a,n/a,n/a,n/a,n/a,23027,21543,19383,17882,1271,
Queens HS,Projected,2024-25,n/a,n/a,n/a,n/a,n/a,n/a,n/a,n/a,n/a,n/a,22619,21139,18862,18724,1271,
Queens HS,Projected,2025-26,n/a,n/a,n/a,n/a,n/a,n/a,n/a,n/a,n/a,n/a,22062,20785,18497,18211,1271,
Queens HS,Projected,2026-27,n/a,n/a,n/a,n/a,n/a,n/a,n/a,n/a,n/a,n/a,21880,20266,18201,17831,1271,
Queens HS,Projected,2027-28,n/a,n/a,n/a,n/a,n/a,n/a,n/a,n/a,n/a,n/a,21859,20117,17770,17538,1271,
Staten Island HS,Historical,2017-18,n/a,n/a,n/a,n/a,n/a,n/a,n/a,n/a,n/a,n/a,4941,4929,4218,3900,340,
Staten Island HS,Projected,2018-19,n/a,n/a,n/a,n/a,n/a,n/a,n/a,n/a,n/a,n/a,4909,4767,4397,3776,352,
Staten Island HS,Projected,2019-20,n/a,n/a,n/a,n/a,n/a,n/a,n/a,n/a,n/a,n/a,5004,4730,4274,3939,352,
Staten Island HS,Projected,2020-21,n/a,n/a,n/a,n/a,n/a,n/a,n/a,n/a,n/a,n/a,5192,4817,4226,3834,352,
Staten Island HS,Projected,2021-22,n/a,n/a,n/a,n/a,n/a,n/a,n/a,n/a,n/a,n/a,5304,5004,4289,3789,352,
Staten Island HS,Projected,2022-23,n/a,n/a,n/a,n/a,n/a,n/a,n/a,n/a,n/a,n/a,5366,5111,4461,3843,352,
Staten Island HS,Projected,2023-24,n/a,n/a,n/a,n/a,n/a,n/a,n/a,n/a,n/a,n/a,5340,5172,4545,4000,352,
Staten Island HS,Projected,2024-25,n/a,n/a,n/a,n/a,n/a,n/a,n/a,n/a,n/a,n/a,5407,5158,4587,4080,352,
Staten Island HS,Projected,2025-26,n/a,n/a,n/a,n/a,n/a,n/a,n/a,n/a,n/a,n/a,5487,5230,4592,4118,352,
Staten Island HS,Projected,2026-27,n/a,n/a,n/a,n/a,n/a,n/a,n/a,n/a,n/a,n/a,5462,5330,4668,4131,352,
Staten Island HS,Projected,2027-28,n/a,n/a,n/a,n/a,n/a,n/a,n/a,n/a,n/a,n/a,5361,5318,4792,4205,352,
31,Projected,2020-21,"4,040","4,353","4,374","4,306","4,306","4,495","4,551","4,236","4,379","4,375",,,,,,
1,Projected,2021-22,875,771,775,722,748,742,727,777,772,807,,,,,,
28,Projected,2019-20,"3,183","3,027","3,082","2,916","2,960","2,892","2,690","2,638","2,575","2,532",,,,,,
14,Historical,2015-16,"1,557","1,275","1,303","1,360","1,299","1,247","1,107","1,262","1,273","1,220",,,,,,
13,Projected,2016-17,"1,276","1,168","1,190","1,165","1,133","1,125","1,027",797,667,694,,,,,,
Manhattan HS,Projected,2014-15,n/a,n/a,n/a,n/a,n/a,n/a,n/a,n/a,n/a,n/a,"16,195","15,596","13,465","13,409","2,118",
23,Projected,2016-17,802,770,750,784,738,750,672,861,902,850,,,,,,
13,Projected,2022-23,"1,070","1,037","1,054","1,025","1,004",984,981,722,702,703,,,,,,
12,Projected,2024-25,"1,571","1,734","1,804","1,765","1,704","1,722","1,694","1,651","1,604","1,693",,,,,,
 Manhattan,Projected,2016-17,"8,334","8,920","9,104","8,910","8,770","8,912","8,325","8,446","8,303","8,219","16,285","16,288","13,928","13,526","2,118",
 Staten Island,Historical,2015-16,"4,124","4,520","4,708","4,745","4,698","4,627","4,497","4,207","4,305","4,311","4,920","4,748","4,304","3,690",441,
2,Projected,2019-20,"2,227","2,966","2,832","2,835","2,689","2,638","2,613","2,613","2,732","2,689",,,,,,
29,Projected,2025-26,"2,213","2,260","2,333","2,303","2,279","2,281","2,217","1,954","1,955","2,068",,,,,,
19,Projected,2022-23,"1,864","1,729","1,836","1,821","1,787","1,772","1,765","1,533","1,619","1,544",,,,,,
32,Projected,2023-24,"1,041",771,778,740,704,610,614,677,669,653,,,,,,
12,Projected,2022-23,"1,583","1,749","1,818","1,780","1,764","1,809","1,660","1,679","1,710","1,718",,,,,,
Staten Island HS,Projected,2020-21,n/a,n/a,n/a,n/a,n/a,n/a,n/a,n/a,n/a,n/a,"5,203","4,933","4,348","3,779",425,
26,Projected,2016-17,"1,838","1,774","1,845","1,899","1,907","2,013","1,835","1,947","2,014","1,963",,,,,,
29,Historical,2015-16,"2,262","2,382","2,315","2,424","2,614","2,519","2,359","2,244","2,265","2,233",,,,,,
21,Projected,2022-23,"2,666","2,077","2,180","2,195","2,313","2,218","2,302","3,154","3,282","3,288",,,,,,
21,Projected,2024-25,"2,618","2,034","2,135","2,150","2,167","2,177","2,271","3,183","3,408","3,275",,,,,,
30,Projected,2016-17,"3,217","3,139","3,224","3,119","3,026","3,170","3,030","3,363","3,082","3,314",,,,,,
20,Projected,2025-26,"4,114","4,653","4,842","4,730","4,658","4,632","4,579","4,745","4,703","5,196",,,,,,
23,Projected,2020-21,771,708,708,722,685,717,607,820,785,802,,,,,,
 Queens,Projected,2021-22,"20,601","21,978","22,340","22,040","21,448","21,784","21,238","21,138","21,176","21,829","24,423","21,223","18,096","17,314","1,181",
17,Projected,2021-22,"1,924","1,156","1,234","1,211","1,131","1,139","1,100","1,178","1,257","1,261",,,,,,
Brooklyn HS,Projected,2021-22,n/a,n/a,n/a,n/a,n/a,n/a,n/a,n/a,n/a,n/a,"21,150","21,118","16,766","16,635","3,052",
Brooklyn HS,Projected,2017-18,n/a,n/a,n/a,n/a,n/a,n/a,n/a,n/a,n/a,n/a,"22,645","22,174","17,049","16,493","3,052",
 Queens,Projected,2017-18,"20,106","21,971","22,127","21,862","21,498","21,859","22,271","21,030","20,797","20,728","22,604","20,264","17,461","17,390","1,181",
14,Projected,2019-20,"1,511","1,279","1,202","1,160","1,159","1,094","1,076","1,220","1,220","1,193",,,,,,
21,Historical,2015-16,"2,753","2,199","2,270","2,233","2,279","2,086","2,119","2,901","2,875","2,854",,,,,,
6,Projected,2020-21,"1,658","1,587","1,591","1,593","1,625","1,688","1,419","1,421","1,485","1,622",,,,,,
32,Projected,2018-19,"1,088",819,892,838,772,778,807,914,935,"1,002",,,,,,
4,Historical,2015-16,989,988,"1,024","1,034","1,043","1,035","1,054",996,"1,040","1,041",,,,,,
14,Projected,2025-26,"1,302",997,"1,000",992,955,957,936,"1,084","1,010","1,000",,,,,,
2,Projected,2024-25,"2,386","3,195","3,023","2,836","2,666","2,604","2,522","2,414","2,506","2,482",,,,,,
 Staten Island,Projected,2023-24,"4,145","4,476","4,568","4,438","4,402","4,287","4,300","3,951","4,159","4,254","5,262","5,066","4,278","3,734",425,
2,Historical,2015-16,"2,307","3,012","2,966","2,909","2,966","2,886","2,762","2,558","2,462","2,412",,,,,,
1,Projected,2020-21,880,771,746,765,760,744,818,778,790,783,,,,,,
 Manhattan,Projected,2025-26,"7,720","8,522","8,448","8,108","7,790","7,608","7,135","6,973","7,013","7,262","14,277","14,222","12,525","12,392","2,118",
Manhattan HS,Projected,2021-22,n/a,n/a,n/a,n/a,n/a,n/a,n/a,n/a,n/a,n/a,"14,277","14,222","12,525","12,392","2,118",
9,Projected,2018-19,"2,571","2,788","2,902","2,840","2,856","2,752","2,703","2,895","2,957","2,888",,,,,,
13,Historical,2015-16,"1,233","1,168","1,223","1,178","1,191","1,106","1,026",691,714,746,,,,,,
Staten Island HS,Projected,2013-14,n/a,n/a,n/a,n/a,n/a,n/a,n/a,n/a,n/a,n/a,"5,174","4,855","4,037","3,655",425,
2,Projected,2020-21,"2,257","2,980","2,861","2,703","2,716","2,671","2,558","2,528","2,581","2,737",,,,,,
 Staten Island,Projected,2024-25,"4,178","4,518","4,614","4,480","4,443","4,398","4,281","3,954","3,980","4,200","5,203","4,933","4,348","3,779",425,
11,Projected,2021-22,"3,581","3,152","3,334","3,250","3,107","3,008","3,101","3,121","3,162","3,264",,,,,,
29,Projected,2020-21,"2,253","2,258","2,341","2,240","2,297","2,267","2,310","1,960","2,150","2,379",,,,,,
25,Projected,2021-22,"3,290","3,273","3,292","3,350","3,137","3,205","3,121","2,960","3,057","3,085",,,,,,
31,Historical,2015-16,"4,124","4,520","4,708","4,745","4,698","4,627","4,497","4,207","4,305","4,311",,,,,,
 Staten Island,Projected,2017-18,"3,946","4,264","4,580","4,559","4,624","4,739","4,682","4,254","4,168","4,272","5,174","4,855","4,037","3,655",425,
17,Projected,2018-19,"2,116","1,249","1,347","1,388","1,311","1,305","1,185","1,387","1,509","1,522",,,,,,
13,Projected,2019-20,"1,129","1,097","1,141","1,165","1,081","1,025",979,765,775,746,,,,,,
25,Projected,2023-24,"3,382","3,378","3,397","3,339","3,252","3,316","3,155","3,305","3,219","2,998",,,,,,
21,Projected,2017-18,"2,792","2,270","2,234","2,281","2,249","2,212","2,226","2,955","3,127","3,011",,,,,,
 Bronx,Projected,2022-23,"14,985","15,218","15,821","15,331","14,857","14,618","14,441","14,182","14,671","15,034","16,568","15,291","12,162","11,188","2,317",
32,Projected,2024-25,"1,005",747,752,721,683,662,584,607,660,657,,,,,,
Staten Island HS,Projected,2012-13,n/a,n/a,n/a,n/a,n/a,n/a,n/a,n/a,n/a,n/a,"5,142","4,644","4,133","3,804",425,
9,Projected,2017-18,"2,511","2,849","2,932","2,974","2,832","2,794","2,830","2,913","2,919","2,680",,,,,,
7,Projected,2017-18,"1,375","1,274","1,352","1,377","1,275","1,217","1,225","1,196","1,330","1,141",,,,,,
15,Projected,2021-22,"2,824","3,271","3,247","3,071","2,939","3,019","2,788","2,000","1,978","1,971",,,,,,
4,Projected,2016-17,919,957,"1,030","1,005","1,001","1,017","1,016","1,032",989,"1,036",,,,,,
Bronx HS,Projected,2014-15,n/a,n/a,n/a,n/a,n/a,n/a,n/a,n/a,n/a,n/a,"15,372","14,541","11,864","10,927","2,317",
 Queens,Projected,2018-19,"20,433","21,546","22,417","21,812","21,604","21,385","21,631","22,173","21,130","20,975","22,728","20,531","17,480","16,883","1,181",
18,Projected,2022-23,"1,278",962,"1,064","1,021","1,000",984,889,815,869,883,,,,,,
27,Projected,2019-20,"3,172","3,523","3,517","3,582","3,506","3,471","3,556","3,779","3,893","3,712",,,,,,
Staten Island HS,Projected,2019-20,n/a,n/a,n/a,n/a,n/a,n/a,n/a,n/a,n/a,n/a,"5,262","5,066","4,278","3,734",425,
8,Projected,2019-20,"2,065","2,119","2,096","1,972","2,033","2,097","2,193","2,081","2,113","2,144",,,,,,
24,Projected,2024-25,"3,441","4,621","4,722","4,637","4,636","4,649","4,447","4,121","4,455","4,446",,,,,,
 Manhattan,Projected,2018-19,"7,917","8,376","8,666","8,582","8,466","8,434","8,065","8,173","8,140","8,452","16,195","15,596","13,465","13,409","2,118",
16,Projected,2019-20,737,523,491,485,491,401,416,292,322,334,,,,,,
5,Projected,2019-20,"1,140",775,789,807,839,798,747,776,745,833,,,,,,
9,Projected,2022-23,"2,553","2,818","2,863","2,765","2,699","2,571","2,545","2,627","2,788","2,738",,,,,,
 Queens,Historical,2015-16,"20,176","21,766","22,102","22,231","22,634","21,396","20,808","20,448","20,379","20,091","22,341","20,837","17,023","16,604","1,220",
 Staten Island,Projected,2016-17,"3,940","4,461","4,644","4,621","4,746","4,690","4,620","4,143","4,234","4,343","5,142","4,644","4,133","3,804",425,
14,Projected,2024-25,"1,338","1,033","1,037","1,025",987,989,"1,034","1,034","1,019","1,070",,,,,,
22,Projected,2025-26,"2,623","2,539","2,691","2,696","2,670","2,672","2,654","2,068","1,966","2,076",,,,,,
6,Projected,2017-18,"1,771","1,759","1,866","1,847","1,824","1,824","1,607","1,573","1,682","1,730",,,,,,
Brooklyn HS,Projected,2014-15,n/a,n/a,n/a,n/a,n/a,n/a,n/a,n/a,n/a,n/a,"21,561","21,571","17,167","17,360","3,052",
 Queens,Projected,2019-20,"20,471","21,883","21,985","22,121","21,557","21,488","21,163","21,501","22,280","21,315","23,014","20,665","17,720","16,899","1,181",
23,Projected,2021-22,763,698,731,684,684,676,644,757,789,779,,,,,,
 Manhattan,Projected,2024-25,"7,849","8,483","8,416","8,069","7,755","7,572","7,107","7,049","7,245","7,462","14,571","14,500","12,733","12,816","2,118",
 Manhattan,Historical,2015-16,"8,405","9,111","9,256","9,081","9,078","8,913","8,593","8,325","8,185","8,308","16,788","16,421","13,931","14,151","2,248",
22,Projected,2016-17,"2,863","2,682","2,888","2,871","2,789","2,941","2,779","2,084","2,063","2,090",,,,,,
Bronx HS,Projected,2013-14,n/a,n/a,n/a,n/a,n/a,n/a,n/a,n/a,n/a,n/a,"15,859","14,824","12,055","11,030","2,317",
 Brooklyn,Projected,2021-22,"22,475","20,604","21,343","20,815","19,913","20,626","19,493","18,866","19,272","19,371","22,645","22,174","17,049","16,493","3,052",
14,Projected,2016-17,"1,579","1,312","1,254","1,249","1,274","1,266","1,180","1,160","1,233","1,253",,,,,,
 Queens,Projected,2020-21,"20,536","21,898","22,325","21,687","21,879","21,445","21,265","21,065","21,619","22,489","23,341","20,928","17,899","17,143","1,181",
 Brooklyn,Projected,2018-19,"23,251","20,481","22,172","21,240","20,544","20,638","19,925","20,171","19,857","19,855","21,561","21,571","17,167","17,360","3,052",
3,Projected,2021-22,998,"1,328","1,331","1,258","1,221","1,262","1,255","1,312","1,308","1,302",,,,,,
 Staten Island,Projected,2020-21,"4,040","4,353","4,374","4,306","4,306","4,495","4,551","4,236","4,379","4,375","5,189","4,741","4,178","3,757",425,
11,Projected,2020-21,"3,520","3,099","3,262","3,146","3,021","3,111","3,271","3,146","3,206","3,216",,,,,,
7,Projected,2021-22,"1,418","1,233","1,300","1,317","1,181","1,226","1,202","1,239","1,213","1,172",,,,,,
 Queens,Projected,2016-17,"20,469","21,685","22,213","21,756","21,974","22,511","21,156","20,696","20,550","20,539","22,340","20,244","17,991","16,458","1,181",
Brooklyn HS,Projected,2020-21,n/a,n/a,n/a,n/a,n/a,n/a,n/a,n/a,n/a,n/a,"21,209","21,609","16,714","17,385","3,052",
28,Projected,2023-24,"3,324","3,134","3,205","3,087","3,044","2,993","2,877","2,644","2,669","2,712",,,,,,
24,Projected,2020-21,"3,558","4,786","4,796","4,758","4,877","4,818","4,800","4,376","4,692","4,701",,,,,,
14,Projected,2017-18,"1,575","1,235","1,291","1,202","1,171","1,241","1,195","1,240","1,134","1,214",,,,,,
20,Projected,2021-22,"3,993","4,476","4,649","4,420","4,276","4,626","4,358","4,418","4,705","4,651",,,,,,
32,Historical,2015-16,"1,279",930,979,983,"1,033","1,014","1,050","1,115","1,100","1,189",,,,,,
31,Projected,2025-26,"4,194","4,559","4,660","4,526","4,486","4,439","4,392","3,939","3,982","4,020",,,,,,
18,Projected,2025-26,"1,176",908,"1,005",966,972,980,901,792,765,763,,,,,,
31,Projected,2016-17,"3,940","4,461","4,644","4,621","4,746","4,690","4,620","4,143","4,234","4,343",,,,,,
14,Projected,2021-22,"1,443","1,134","1,139","1,201","1,075","1,053","1,065","1,077","1,099","1,173",,,,,,
5,Projected,2018-19,"1,177",757,815,864,817,807,753,750,815,831,,,,,,
4,Projected,2023-24,952,927,961,941,908,876,913,819,897,911,,,,,,
23,Projected,2017-18,798,725,794,725,741,728,673,839,829,895,,,,,,
12,Projected,2018-19,"1,647","1,854","1,844","1,903","1,838","1,868","1,858","1,741","1,728","1,840",,,,,,
24,Historical,2015-16,"3,688","5,123","5,209","5,211","5,128","4,970","4,748","4,206","4,228","4,184",,,,,,
10,Projected,2025-26,"3,738","4,208","4,385","4,239","4,136","4,104","4,027","3,593","3,699","3,889",,,,,,
1,Projected,2018-19,853,787,806,781,858,839,837,775,782,874,,,,,,
13,Projected,2017-18,"1,195","1,209","1,186","1,134","1,116","1,071","1,045",797,768,647,,,,,,
5,Projected,2020-21,"1,143",755,807,782,785,819,738,768,771,759,,,,,,
8,Projected,2022-23,"2,038","2,005","2,066","1,960","2,003","1,953","1,916","1,943","1,985","2,129",,,,,,
29,Projected,2022-23,"2,240","2,260","2,332","2,298","2,282","2,217","2,242","1,966","2,129","2,034",,,,,,
Staten Island HS,Historical,2011-12,n/a,n/a,n/a,n/a,n/a,n/a,n/a,n/a,n/a,n/a,"4,920","4,748","4,304","3,690",441,
16,Projected,2025-26,693,526,497,469,445,414,365,254,244,238,,,,,,
9,Projected,2016-17,"2,560","2,877","3,069","2,949","2,875","2,925","2,847","2,876","2,707","2,721",,,,,,
 Brooklyn,Projected,2022-23,"22,223","20,443","21,171","20,801","20,224","19,592","19,892","18,924","18,892","19,359","21,621","22,527","17,179","16,928","3,052",
7,Projected,2025-26,"1,438","1,246","1,316","1,283","1,214","1,191","1,157","1,185","1,121","1,181",,,,,,
Manhattan HS,Projected,2016-17,n/a,n/a,n/a,n/a,n/a,n/a,n/a,n/a,n/a,n/a,"15,736","15,955","13,537","12,943","2,118",
22,Projected,2017-18,"2,733","2,739","2,821","2,858","2,808","2,767","2,883","2,101","2,086","2,067",,,,,,
30,Projected,2017-18,"3,200","3,142","3,181","3,126","3,036","2,962","3,171","3,338","3,225","3,072",,,,,,
28,Historical,2015-16,"3,107","2,933","2,884","2,897","2,848","2,699","2,633","2,458","2,429","2,396",,,,,,
Queens HS,Projected,2018-19,n/a,n/a,n/a,n/a,n/a,n/a,n/a,n/a,n/a,n/a,"23,870","22,248","18,365","17,496","1,181",
27,Projected,2025-26,"3,054","3,422","3,484","3,497","3,445","3,447","3,482","3,674","3,640","3,731",,,,,,
22,Projected,2020-21,"2,748","2,657","2,875","2,712","2,795","2,712","2,729","2,067","2,054","2,180",,,,,,
26,Projected,2025-26,"1,803","1,978","2,005","2,034","2,037","2,066","2,083","2,301","2,223","2,443",,,,,,
 Manhattan,Projected,2022-23,"7,875","8,403","8,339","7,993","7,685","7,641","7,431","7,480","7,595","7,732","15,133","15,256","13,195","13,307","2,118",
4,Projected,2018-19,929,935,901,982,982,948,960,979,988,"1,020",,,,,,
10,Historical,2015-16,"3,652","4,260","4,648","4,574","4,407","4,401","4,134","3,713","3,734","3,704",,,,,,
19,Projected,2021-22,"1,885","1,744","1,853","1,834","1,773","1,832","1,742","1,603","1,539","1,585",,,,,,
21,Projected,2025-26,"2,597","2,014","2,112","2,128","2,145","2,155","2,149","3,320","3,242","3,477",,,,,,
26,Projected,2023-24,"1,795","1,949","1,974","1,999","2,001","2,054","2,017","2,370","2,143","2,254",,,,,,
Queens HS,Projected,2013-14,n/a,n/a,n/a,n/a,n/a,n/a,n/a,n/a,n/a,n/a,"22,604","20,264","17,461","17,390","1,181",
4,Projected,2021-22,950,912,946,918,944,843,918,921,908,931,,,,,,
21,Projected,2019-20,"2,735","2,235","2,246","2,352","2,219","2,259","2,202","3,138","3,279","3,065",,,,,,
Manhattan HS,Projected,2012-13,n/a,n/a,n/a,n/a,n/a,n/a,n/a,n/a,n/a,n/a,"16,285","16,288","13,928","13,526","2,118",
2,Projected,2018-19,"2,250","2,938","2,969","2,806","2,655","2,694","2,691","2,769","2,683","2,664",,,,,,
 Queens,Projected,2023-24,"20,729","22,144","22,506","22,122","21,796","21,705","21,160","21,465","21,236","21,444","23,393","21,741","19,288","17,751","1,181",
 Brooklyn,Projected,2025-26,"21,480","19,966","20,666","20,331","19,917","19,739","19,197","18,682","18,364","19,486","21,150","21,118","16,766","16,635","3,052",
27,Historical,2015-16,"3,248","3,514","3,631","3,732","3,766","3,564","3,531","3,598","3,657","3,594",,,,,,
Queens HS,Projected,2017-18,n/a,n/a,n/a,n/a,n/a,n/a,n/a,n/a,n/a,n/a,"24,423","21,223","18,096","17,314","1,181",
28,Projected,2021-22,"3,251","3,061","3,133","3,058","2,996","2,854","2,840","2,693","2,538","2,657",,,,,,
Bronx HS,Projected,2015-16,n/a,n/a,n/a,n/a,n/a,n/a,n/a,n/a,n/a,n/a,"16,730","14,085","11,660","10,763","2,317",
5,Projected,2022-23,"1,149",762,789,779,777,741,711,781,757,780,,,,,,
22,Historical,2015-16,"2,772","2,745","2,903","2,856","2,966","2,839","2,758","2,063","2,087","2,129",,,,,,
3,Historical,2015-16,"1,106","1,476","1,511","1,447","1,401","1,293","1,398","1,469","1,333","1,371",,,,,,
27,Projected,2024-25,"3,082","3,433","3,495","3,506","3,452","3,457","3,544","3,605","3,697","3,687",,,,,,
 Brooklyn,Projected,2019-20,"23,000","20,764","21,053","21,602","20,601","20,187","19,834","19,284","20,181","19,910","22,167","21,449","16,703","16,991","3,052",
23,Projected,2022-23,756,693,721,707,647,674,607,804,729,782,,,,,,
 Brooklyn,Projected,2023-24,"21,964","20,281","21,009","20,639","20,202","19,908","18,890","19,318","18,958","18,984","21,702","21,523","17,477","17,073","3,052",
23,Projected,2023-24,748,686,717,697,669,639,607,757,774,724,,,,,,
20,Projected,2020-21,"3,963","4,429","4,487","4,303","4,603","4,362","4,087","4,621","4,554","4,652",,,,,,
28,Projected,2018-19,"3,174","2,974","2,991","2,969","2,955","2,745","2,777","2,598","2,494","2,527",,,,,,
2,Projected,2021-22,"2,288","3,032","2,871","2,732","2,587","2,700","2,592","2,478","2,495","2,581",,,,,,
24,Projected,2016-17,"3,732","4,966","5,185","5,068","5,162","5,098","4,802","4,311","4,392","4,257",,,,,,
28,Projected,2017-18,"3,125","2,884","3,047","2,964","2,803","2,833","2,733","2,516","2,489","2,474",,,,,,
11,Historical,2015-16,"3,209","3,118","3,387","3,425","3,329","3,230","3,282","2,944","2,937","3,096",,,,,,
Queens HS,Projected,2012-13,n/a,n/a,n/a,n/a,n/a,n/a,n/a,n/a,n/a,n/a,"22,340","20,244","17,991","16,458","1,181",
24,Projected,2023-24,"3,470","4,663","4,763","4,679","4,677","4,601","4,529","4,269","4,416","4,577",,,,,,
11,Projected,2018-19,"3,376","2,938","3,069","3,163","3,299","3,313","3,355","3,144","3,072","3,192",,,,,,
31,Projected,2024-25,"4,178","4,518","4,614","4,480","4,443","4,398","4,281","3,954","3,980","4,200",,,,,,
Manhattan HS,Projected,2020-21,n/a,n/a,n/a,n/a,n/a,n/a,n/a,n/a,n/a,n/a,"14,571","14,500","12,733","12,816","2,118",
16,Historical,2015-16,805,527,596,578,606,616,567,382,403,490,,,,,,
12,Projected,2019-20,"1,601","1,817","1,919","1,796","1,831","1,847","1,784","1,780","1,761","1,714",,,,,,
28,Projected,2016-17,"3,022","2,939","3,043","2,811","2,889","2,789","2,644","2,509","2,438","2,465",,,,,,
8,Projected,2016-17,"2,100","2,159","2,264","2,260","2,190","2,234","2,216","2,134","1,904","2,082",,,,,,
21,Projected,2023-24,"2,641","2,055","2,157","2,172","2,189","2,300","2,185","3,343","3,213","3,343",,,,,,
26,Projected,2024-25,"1,801","1,964","1,989","2,018","2,016","2,050","2,085","2,229","2,363","2,215",,,,,,
15,Historical,2015-16,"2,743","3,202","3,220","3,161","3,107","2,917","2,738","1,949","1,744","1,761",,,,,,
15,Projected,2023-24,"2,823","3,293","3,269","3,182","3,047","2,874","2,777","2,024","1,912","1,967",,,,,,
3,Projected,2016-17,"1,057","1,417","1,486","1,438","1,415","1,352","1,268","1,411","1,444","1,315",,,,,,
18,Projected,2016-17,"1,423","1,022","1,204","1,167","1,156","1,310","1,157","1,151","1,011","1,162",,,,,,
9,Historical,2015-16,"2,766","3,013","3,045","2,994","3,010","2,945","2,812","2,668","2,750","2,848",,,,,,
Brooklyn HS,Projected,2018-19,n/a,n/a,n/a,n/a,n/a,n/a,n/a,n/a,n/a,n/a,"21,621","22,527","17,179","16,928","3,052",
13,Projected,2021-22,"1,089","1,053","1,076","1,050","1,040","1,054",950,731,720,717,,,,,,
12,Projected,2025-26,"1,558","1,726","1,795","1,758","1,699","1,713","1,644","1,619","1,670","1,597",,,,,,
3,Projected,2022-23,992,"1,332","1,337","1,269","1,228","1,177","1,238","1,258","1,287","1,291",,,,,,
27,Projected,2022-23,"3,120","3,454","3,514","3,524","3,520","3,455","3,540","3,633","3,595","3,682",,,,,,
20,Projected,2016-17,"3,980","4,233","4,172","4,290","4,138","4,173","4,161","4,109","3,970","3,920",,,,,,
12,Projected,2023-24,"1,577","1,742","1,812","1,771","1,713","1,773","1,729","1,586","1,699","1,698",,,,,,
22,Projected,2023-24,"2,670","2,584","2,742","2,746","2,714","2,778","2,595","2,061","2,020","2,073",,,,,,
6,Projected,2021-22,"1,628","1,562","1,590","1,525","1,526","1,599","1,377","1,381","1,461","1,494",,,,,,
3,Projected,2024-25,982,"1,339","1,344","1,280","1,245","1,193","1,162","1,159","1,210","1,216",,,,,,
5,Projected,2017-18,"1,148",782,872,842,828,814,727,822,814,788,,,,,,
 Manhattan,Projected,2019-20,"7,892","8,269","8,367","8,347","8,287","8,305","7,899","7,913","8,135","8,170","16,348","15,803","13,323","13,076","2,118",
7,Projected,2019-20,"1,408","1,273","1,271","1,315","1,252","1,284","1,226","1,176","1,213","1,193",,,,,,
5,Projected,2021-22,"1,147",759,786,800,760,766,758,761,764,786,,,,,,
Brooklyn HS,Projected,2012-13,n/a,n/a,n/a,n/a,n/a,n/a,n/a,n/a,n/a,n/a,"22,400","22,635","17,964","17,824","3,052",
 Queens,Projected,2025-26,"20,807","22,312","22,671","22,304","21,963","21,785","21,505","21,396","21,165","21,855","23,297","21,479","18,503","18,231","1,181",
18,Projected,2017-18,"1,422",984,"1,108","1,135","1,153","1,147","1,182","1,020","1,124","1,004",,,,,,
 Brooklyn,Historical,2015-16,"23,519","21,188","22,322","21,850","22,208","21,498","20,499","19,278","19,425","19,995","22,930","23,227","18,016","18,086","3,025",
11,Projected,2025-26,"3,827","3,382","3,574","3,503","3,398","3,326","3,258","3,054","2,968","2,950",,,,,,
20,Projected,2018-19,"3,881","4,174","4,697","4,366","4,077","4,283","4,147","4,471","4,543","4,274",,,,,,
21,Projected,2021-22,"2,689","2,098","2,202","2,317","2,232","2,333","2,173","3,222","3,228","3,257",,,,,,
15,Projected,2016-17,"2,892","3,158","3,202","3,144","3,033","3,025","2,834","1,948","1,920","1,741",,,,,,
2,Projected,2017-18,"2,213","3,077","2,940","2,773","2,711","2,771","2,861","2,716","2,659","2,537",,,,,,
29,Projected,2018-19,"2,267","2,201","2,359","2,299","2,380","2,238","2,321","2,303","2,274","2,213",,,,,,
14,Projected,2020-21,"1,477","1,166","1,254","1,151","1,084","1,127","1,032","1,125","1,191","1,201",,,,,,
Staten Island HS,Projected,2017-18,n/a,n/a,n/a,n/a,n/a,n/a,n/a,n/a,n/a,n/a,"5,289","4,884","4,104","3,695",425,
25,Projected,2020-21,"3,244","3,221","3,355","3,169","3,206","3,103","2,868","3,049","3,051","3,227",,,,,,
Queens HS,Projected,2019-20,n/a,n/a,n/a,n/a,n/a,n/a,n/a,n/a,n/a,n/a,"23,393","21,741","19,288","17,751","1,181",
24,Projected,2025-26,"3,402","4,576","4,679","4,598","4,593","4,610","4,495","4,052","4,297","4,490",,,,,,
12,Projected,2017-18,"1,674","1,780","1,954","1,909","1,859","1,946","1,817","1,707","1,855","1,632",,,,,,
10,Projected,2023-24,"3,748","4,206","4,382","4,234","4,133","3,900","3,958","3,864","3,773","3,846",,,,,,
1,Projected,2022-23,868,771,776,749,705,732,725,690,772,788,,,,,,
18,Projected,2019-20,"1,394",991,"1,065","1,005","1,031","1,111","1,032",916,"1,017",988,,,,,,
Staten Island HS,Projected,2015-16,n/a,n/a,n/a,n/a,n/a,n/a,n/a,n/a,n/a,n/a,"5,035","4,806","4,246","3,735",425,
19,Projected,2019-20,"1,931","1,772","1,850","1,890","1,809","1,857","1,692","1,566","1,678","1,666",,,,,,
16,Projected,2023-24,706,533,503,473,452,402,350,255,265,230,,,,,,
29,Projected,2016-17,"2,294","2,265","2,458","2,270","2,393","2,608","2,445","2,145","2,296","2,280",,,,,,
25,Projected,2025-26,"3,467","3,487","3,504","3,451","3,358","3,308","3,273","3,425","3,256","3,357",,,,,,
20,Projected,2017-18,"3,790","4,475","4,436","4,102","4,265","4,155","4,163","4,462","4,184","4,058",,,,,,
29,Projected,2017-18,"2,210","2,285","2,338","2,413","2,241","2,389","2,532","2,224","2,196","2,313",,,,,,
11,Projected,2017-18,"3,267","2,852","3,176","3,340","3,328","3,369","3,300","3,059","3,137","3,009",,,,,,
2,Projected,2016-17,"2,336","3,048","2,904","2,831","2,788","2,948","2,801","2,687","2,530","2,472",,,,,,
11,Projected,2022-23,"3,642","3,207","3,391","3,323","3,211","3,093","3,002","2,960","3,137","3,219",,,,,,
Manhattan HS,Historical,2011-12,n/a,n/a,n/a,n/a,n/a,n/a,n/a,n/a,n/a,n/a,"16,788","16,421","13,931","14,151","2,248",
5,Historical,2015-16,"1,175",814,860,859,805,867,799,779,770,890,,,,,,
17,Projected,2025-26,"1,632",943,"1,017","1,023",999,996,937,"1,015","1,038","1,095",,,,,,
31,Projected,2018-19,"3,944","4,270","4,381","4,497","4,563","4,616","4,732","4,308","4,280","4,205",,,,,,
1,Projected,2017-18,910,803,808,878,861,858,816,787,857,868,,,,,,
3,Projected,2017-18,998,"1,398","1,427","1,414","1,404","1,364","1,326","1,278","1,386","1,426",,,,,,
16,Projected,2024-25,699,529,501,470,448,417,353,250,248,255,,,,,,
Bronx HS,Projected,2020-21,n/a,n/a,n/a,n/a,n/a,n/a,n/a,n/a,n/a,n/a,"16,097","15,053","12,192","11,146","2,317",
 Bronx,Projected,2021-22,"14,925","15,162","15,762","15,298","14,721","14,730","14,701","14,593","14,953","15,219","16,700","15,137","12,321","10,257","2,317",
28,Projected,2024-25,"3,360","3,172","3,243","3,124","3,076","2,986","2,931","2,724","2,618","2,712",,,,,,
23,Historical,2015-16,827,727,811,781,761,749,685,938,856,975,,,,,,
3,Projected,2018-19,"1,015","1,303","1,407","1,360","1,382","1,352","1,338","1,333","1,253","1,369",,,,,,
17,Projected,2023-24,"1,776","1,048","1,125","1,127","1,096","1,070",967,"1,077","1,181","1,194",,,,,,
15,Projected,2025-26,"2,823","3,313","3,286","3,200","3,070","2,977","2,877","1,936","1,906","1,991",,,,,,
26,Projected,2019-20,"1,762","1,909","1,884","2,046","1,869","1,950","1,991","2,178","2,246","2,068",,,,,,
11,Projected,2019-20,"3,464","3,032","3,159","3,057","3,124","3,283","3,301","3,191","3,160","3,126",,,,,,
8,Projected,2021-22,"2,047","2,011","2,071","2,063","1,929","1,935","2,037","1,975","2,099","2,120",,,,,,
Manhattan HS,Projected,2013-14,n/a,n/a,n/a,n/a,n/a,n/a,n/a,n/a,n/a,n/a,"16,025","15,798","13,822","13,522","2,118",
 Staten Island,Projected,2019-20,"4,007","4,260","4,387","4,301","4,502","4,557","4,610","4,349","4,335","4,318","5,035","4,806","4,246","3,735",425,
1,Projected,2024-25,857,767,774,751,732,714,673,679,684,698,,,,,,
2,Projected,2025-26,"2,386","3,254","3,075","2,885","2,712","2,646","2,526","2,447","2,383","2,507",,,,,,
30,Projected,2023-24,"3,425","3,318","3,328","3,205","3,089","2,938","2,941","3,239","3,109","3,146",,,,,,
Queens HS,Projected,2021-22,n/a,n/a,n/a,n/a,n/a,n/a,n/a,n/a,n/a,n/a,"23,297","21,479","18,503","18,231","1,181",
22,Projected,2021-22,"2,722","2,633","2,793","2,853","2,655","2,774","2,667","2,060","2,074","2,056",,,,,,
24,Projected,2021-22,"3,528","4,747","4,846","4,670","4,714","4,848","4,655","4,361","4,565","4,722",,,,,,
30,Projected,2025-26,"3,477","3,378","3,386","3,261","3,138","3,054","3,033","3,220","3,096","3,104",,,,,,
17,Historical,2015-16,"2,359","1,448","1,540","1,494","1,540","1,566","1,423","1,466","1,702","1,778",,,,,,
20,Historical,2015-16,"3,778","3,984","4,362","4,164","4,157","4,173","3,836","3,898","3,834","3,745",,,,,,
1,Historical,2015-16,842,905,912,899,858,849,904,854,825,798,,,,,,
22,Projected,2019-20,"2,775","2,733","2,738","2,854","2,731","2,776","2,743","2,049","2,178","2,106",,,,,,
 Manhattan,Projected,2023-24,"7,861","8,447","8,375","8,033","7,718","7,543","7,187","7,282","7,443","7,618","14,843","14,774","13,169","12,835","2,118",
28,Projected,2020-21,"3,216","3,026","3,136","3,004","2,908","2,901","2,831","2,559","2,615","2,615",,,,,,
16,Projected,2016-17,770,597,494,553,547,556,531,385,370,383,,,,,,
24,Projected,2022-23,"3,500","4,705","4,806","4,720","4,628","4,686","4,685","4,234","4,546","4,597",,,,,,
21,Projected,2020-21,"2,713","2,118","2,324","2,239","2,346","2,206","2,222","3,170","3,198","3,340",,,,,,
1,Projected,2025-26,837,767,773,748,733,715,697,639,676,698,,,,,,
5,Projected,2024-25,"1,154",772,798,785,760,739,703,710,730,791,,,,,,
26,Projected,2021-22,"1,780","1,915","1,941","1,989","1,941","2,114","1,942","2,187","2,193","2,245",,,,,,
17,Projected,2022-23,"1,850","1,102","1,179","1,181","1,123","1,078","1,022","1,157","1,201","1,251",,,,,,
25,Projected,2017-18,"3,098","3,177","3,145","2,875","2,939","2,938","3,092","2,905","2,803","2,740",,,,,,
Queens HS,Projected,2020-21,n/a,n/a,n/a,n/a,n/a,n/a,n/a,n/a,n/a,n/a,"23,550","21,330","18,869","18,632","1,181",
8,Projected,2018-19,"2,191","2,039","2,087","2,095","2,075","2,217","2,187","2,102","2,116","2,170",,,,,,
1,Projected,2023-24,861,769,776,750,731,689,714,689,684,789,,,,,,
11,Projected,2016-17,"3,186","2,951","3,356","3,372","3,385","3,313","3,216","3,123","2,957","2,987",,,,,,
26,Historical,2015-16,"1,661","1,805","1,857","1,890","1,965","1,813","1,779","2,018","1,904","1,976",,,,,,
27,Projected,2021-22,"3,138","3,463","3,524","3,581","3,460","3,514","3,525","3,576","3,668","3,820",,,,,,
Bronx HS,Projected,2012-13,n/a,n/a,n/a,n/a,n/a,n/a,n/a,n/a,n/a,n/a,"16,170","15,057","12,171","11,183","2,317",
Queens HS,Projected,2016-17,n/a,n/a,n/a,n/a,n/a,n/a,n/a,n/a,n/a,n/a,"23,341","20,928","17,899","17,143","1,181",
Bronx HS,Projected,2017-18,n/a,n/a,n/a,n/a,n/a,n/a,n/a,n/a,n/a,n/a,"16,700","15,137","12,321","10,257","2,317",
Manhattan HS,Projected,2017-18,n/a,n/a,n/a,n/a,n/a,n/a,n/a,n/a,n/a,n/a,"15,600","15,347","13,688","13,154","2,118",
4,Projected,2025-26,941,940,978,959,927,896,880,861,895,810,,,,,,
16,Projected,2020-21,730,545,491,458,459,451,349,287,283,308,,,,,,
5,Projected,2023-24,"1,152",768,792,782,757,758,687,732,776,771,,,,,,
27,Projected,2018-19,"3,178","3,465","3,580","3,574","3,478","3,536","3,676","3,875","3,697","3,659",,,,,,
25,Projected,2024-25,"3,429","3,431","3,451","3,395","3,304","3,255","3,334","3,247","3,312","3,258",,,,,,
 Bronx,Projected,2020-21,"14,866","15,104","15,734","15,157","14,839","15,001","15,130","14,876","15,141","15,262","16,526","15,351","11,305","10,580","2,317",
29,Projected,2023-24,"2,232","2,259","2,334","2,300","2,271","2,287","2,159","1,975","2,018","2,153",,,,,,
 Manhattan,Projected,2021-22,"7,886","8,364","8,299","7,955","7,786","7,912","7,627","7,630","7,708","7,901","15,600","15,347","13,688","13,154","2,118",
21,Projected,2016-17,"2,907","2,145","2,290","2,259","2,225","2,265","2,051","3,071","2,955","2,926",,,,,,
10,Projected,2021-22,"3,746","4,202","4,376","4,025","4,061","4,197","4,036","3,822","3,984","4,095",,,,,,
20,Projected,2022-23,"4,024","4,519","4,699","4,581","4,394","4,296","4,623","4,712","4,497","4,803",,,,,,
15,Projected,2019-20,"2,821","3,146","3,128","3,227","2,953","2,918","2,852","2,006","2,038","1,956",,,,,,
4,Projected,2019-20,946,889,980,888,953,957,932,941,972,984,,,,,,
 Bronx,Projected,2025-26,"15,139","15,394","16,009","15,521","15,015","14,848","14,494","13,971","13,911","14,105","15,762","14,763","12,085","11,060","2,317",
18,Projected,2024-25,"1,207",926,"1,025",984,989,999,895,785,767,789,,,,,,
7,Projected,2022-23,"1,423","1,235","1,305","1,270","1,252","1,160","1,200","1,186","1,243","1,206",,,,,,
3,Projected,2019-20,"1,006","1,312","1,312","1,343","1,328","1,331","1,327","1,344","1,307","1,237",,,,,,
18,Projected,2021-22,"1,314",981,"1,084","1,012",993,984,922,892,889,886,,,,,,
 Bronx,Historical,2015-16,"14,796","15,815","16,836","16,563","16,122","15,921","15,734","13,989","14,451","14,812","16,429","15,227","12,348","11,076","2,265",
28,Projected,2022-23,"3,286","3,097","3,168","3,054","3,049","2,939","2,794","2,695","2,671","2,577",,,,,,
19,Projected,2024-25,"1,822","1,701","1,807","1,791","1,756","1,769","1,731","1,500","1,570","1,560",,,,,,
Queens HS,Historical,2011-12,n/a,n/a,n/a,n/a,n/a,n/a,n/a,n/a,n/a,n/a,"22,341","20,837","17,023","16,604","1,220",
 Bronx,Projected,2024-25,"15,116","15,333","15,945","15,458","14,953","14,786","14,464","13,830","14,014","14,351","16,097","15,053","12,192","11,146","2,317",
23,Projected,2025-26,733,675,703,686,656,650,593,716,726,724,,,,,,
24,Projected,2017-18,"3,607","4,994","5,027","5,046","5,020","5,132","4,924","4,361","4,497","4,427",,,,,,
9,Projected,2025-26,"2,574","2,845","2,889","2,791","2,672","2,589","2,498","2,600","2,588","2,625",,,,,,
14,Projected,2018-19,"1,635","1,227","1,212","1,238","1,125","1,140","1,171","1,249","1,213","1,117",,,,,,
25,Projected,2016-17,"3,158","3,077","2,895","2,971","2,937","3,075","2,816","2,795","2,716","2,593",,,,,,
7,Historical,2015-16,"1,429","1,332","1,377","1,304","1,273","1,240","1,343","1,143","1,271","1,337",,,,,,
 Manhattan,Projected,2020-21,"7,888","8,320","8,256","8,061","8,060","8,131","7,778","7,743","7,881","8,159","15,736","15,955","13,537","12,943","2,118",
7,Projected,2020-21,"1,415","1,228","1,349","1,242","1,249","1,228","1,256","1,210","1,179","1,206",,,,,,
 Bronx,Projected,2018-19,"14,793","14,948","15,729","15,560","15,563","15,751","15,643","15,108","15,101","15,303","15,372","14,541","11,864","10,927","2,317",
31,Projected,2023-24,"4,145","4,476","4,568","4,438","4,402","4,287","4,300","3,951","4,159","4,254",,,,,,
18,Historical,2015-16,"1,437","1,112","1,237","1,170","1,321","1,281","1,311","1,036","1,171","1,332",,,,,,
30,Projected,2024-25,"3,456","3,348","3,356","3,232","3,113","3,028","2,948","3,216","3,113","3,101",,,,,,
30,Projected,2022-23,"3,397","3,289","3,299","3,179","2,995","2,928","2,956","3,234","3,155","3,135",,,,,,
Bronx HS,Historical,2011-12,n/a,n/a,n/a,n/a,n/a,n/a,n/a,n/a,n/a,n/a,"16,429","15,227","12,348","11,076","2,265",
8,Projected,2023-24,"2,029","1,998","2,061","1,957","1,902","2,028","1,938","1,825","1,954","2,013",,,,,,
13,Projected,2024-25,"1,030","1,001","1,013",987,957,926,884,686,713,677,,,,,,
13,Projected,2025-26,"1,011",983,992,965,938,907,862,660,658,697,,,,,,
23,Projected,2024-25,741,680,709,693,660,659,573,754,729,769,,,,,,
11,Projected,2024-25,"3,770","3,321","3,511","3,443","3,340","3,268","3,191","2,951","2,890","3,033",,,,,,
1,Projected,2016-17,943,805,908,882,878,836,828,861,851,841,,,,,,
25,Historical,2015-16,"3,033","2,830","2,990","2,970","3,075","2,801","2,706","2,709","2,572","2,522",,,,,,
8,Projected,2024-25,"2,019","1,993","2,054","1,953","1,900","1,926","2,011","1,851","1,836","1,983",,,,,,
1,Projected,2019-20,885,741,792,779,763,837,820,795,768,797,,,,,,
14,Projected,2023-24,"1,374","1,067","1,072","1,058","1,018","1,092",989,"1,043","1,089","1,035",,,,,,
32,Projected,2020-21,"1,144",844,761,740,760,724,691,734,779,873,,,,,,
15,Projected,2020-21,"2,823","3,257","3,142","3,057","3,101","2,873","2,833","2,009","1,974","2,034",,,,,,
16,Projected,2018-19,703,523,522,518,435,481,432,333,351,354,,,,,,
22,Projected,2024-25,"2,646","2,561","2,715","2,722","2,691","2,694","2,738","1,958","2,071","2,025",,,,,,
15,Projected,2017-18,"2,754","3,304","3,151","3,126","3,016","2,953","2,938","1,992","1,919","1,917",,,,,,
15,Projected,2018-19,"2,752","3,128","3,301","3,075","2,998","2,936","2,868","2,069","1,961","1,915",,,,,,
20,Projected,2024-25,"4,083","4,608","4,796","4,680","4,609","4,581","4,410","4,617","5,089","4,900",,,,,,
Brooklyn HS,Projected,2019-20,n/a,n/a,n/a,n/a,n/a,n/a,n/a,n/a,n/a,n/a,"21,702","21,523","17,477","17,073","3,052",
 Bronx,Projected,2016-17,"14,741","15,359","16,500","16,344","16,090","15,997","15,592","15,159","14,059","14,510","16,170","15,057","12,171","11,183","2,317",
17,Projected,2024-25,"1,704",996,"1,070","1,076","1,046","1,044",962,"1,018","1,100","1,174",,,,,,
 Staten Island,Projected,2025-26,"4,194","4,559","4,660","4,526","4,486","4,439","4,392","3,939","3,982","4,020","5,119","4,881","4,230","3,846",425,
31,Projected,2021-22,"4,075","4,392","4,481","4,291","4,310","4,301","4,491","4,182","4,265","4,422",,,,,,
8,Projected,2020-21,"2,055","2,014","2,178","1,986","1,913","2,057","2,075","2,088","2,091","2,142",,,,,,
31,Projected,2022-23,"4,110","4,434","4,524","4,396","4,292","4,305","4,297","4,130","4,211","4,307",,,,,,
Bronx HS,Projected,2016-17,n/a,n/a,n/a,n/a,n/a,n/a,n/a,n/a,n/a,n/a,"16,526","15,351","11,305","10,580","2,317",
19,Projected,2018-19,"1,942","1,761","1,924","1,860","1,865","1,763","1,740","1,663","1,665","1,715",,,,,,
27,Projected,2016-17,"3,208","3,525","3,563","3,618","3,660","3,758","3,584","3,626","3,612","3,667",,,,,,
17,Projected,2020-21,"1,999","1,209","1,266","1,219","1,195","1,227","1,122","1,231","1,269","1,413",,,,,,
12,Historical,2015-16,"1,613","1,888","1,983","2,011","1,892","1,865","1,912","1,625","1,702","1,703",,,,,,
Queens HS,Projected,2015-16,n/a,n/a,n/a,n/a,n/a,n/a,n/a,n/a,n/a,n/a,"23,014","20,665","17,720","16,899","1,181",
12,Projected,2020-21,"1,595","1,763","1,882","1,871","1,728","1,841","1,765","1,710","1,801","1,748",,,,,,
32,Projected,2021-22,"1,109",819,824,704,682,714,692,683,715,765,,,,,,
26,Projected,2022-23,"1,787","1,933","1,955","1,984","2,005","1,988","2,145","2,149","2,181","2,267",,,,,,
8,Projected,2017-18,"2,109","2,032","2,218","2,137","2,194","2,212","2,210","2,106","2,143","1,929",,,,,,
24,Projected,2018-19,"3,542","4,828","5,056","4,895","4,998","4,990","4,956","4,473","4,546","4,528",,,,,,
 Brooklyn,Projected,2017-18,"22,998","21,564","21,829","21,203","21,017","20,759","20,860","19,855","19,814","19,301","21,724","22,190","17,553","17,781","3,052",
Brooklyn HS,Projected,2016-17,n/a,n/a,n/a,n/a,n/a,n/a,n/a,n/a,n/a,n/a,"22,318","22,019","16,614","16,554","3,052",
6,Projected,2023-24,"1,557","1,508","1,534","1,497","1,461","1,438","1,225","1,264","1,374","1,428",,,,,,
2,Projected,2022-23,"2,320","3,085","2,920","2,740","2,616","2,570","2,620","2,511","2,447","2,497",,,,,,
Bronx HS,Projected,2018-19,n/a,n/a,n/a,n/a,n/a,n/a,n/a,n/a,n/a,n/a,"16,568","15,291","12,162","11,188","2,317",
18,Projected,2023-24,"1,242",944,"1,044","1,002","1,008",991,889,788,794,864,,,,,,
7,Projected,2018-19,"1,457","1,200","1,349","1,317","1,308","1,251","1,192","1,209","1,200","1,323",,,,,,
32,Projected,2025-26,972,724,729,698,666,643,633,580,592,648,,,,,,
17,Projected,2017-18,"2,139","1,321","1,450","1,414","1,368","1,322","1,312","1,476","1,531","1,485",,,,,,
4,Projected,2024-25,953,933,971,948,918,886,872,900,814,893,,,,,,
18,Projected,2020-21,"1,352","1,000","1,073","1,005",993,"1,022","1,005",912,892,"1,010",,,,,,
10,Projected,2024-25,"3,748","4,207","4,384","4,237","4,133","4,104","3,826","3,713","3,849","3,812",,,,,,
9,Projected,2020-21,"2,537","2,800","2,901","2,752","2,701","2,652","2,684","2,723","2,807","2,912",,,,,,
19,Projected,2016-17,"2,042","1,800","1,969","1,837","1,828","1,930","1,819","1,702","1,592","1,664",,,,,,
13,Projected,2023-24,"1,049","1,019","1,035","1,005",977,950,914,742,694,685,,,,,,
Manhattan HS,Projected,2018-19,n/a,n/a,n/a,n/a,n/a,n/a,n/a,n/a,n/a,n/a,"15,133","15,256","13,195","13,307","2,118",
26,Projected,2017-18,"1,728","1,962","1,813","1,887","1,916","1,952","2,042","2,007","1,943","2,078",,,,,,
7,Projected,2024-25,"1,435","1,243","1,311","1,278","1,212","1,185","1,201","1,117","1,187","1,184",,,,,,
 Bronx,Projected,2017-18,"14,626","15,084","16,018","16,027","15,871","15,969","15,674","15,024","15,238","14,127","15,859","14,824","12,055","11,030","2,317",
 Brooklyn,Projected,2020-21,"22,737","20,765","21,347","20,513","20,973","20,248","19,418","19,250","19,296","20,247","22,318","22,019","16,614","16,554","3,052",
7,Projected,2016-17,"1,453","1,276","1,412","1,341","1,240","1,249","1,213","1,325","1,147","1,264",,,,,,
3,Projected,2020-21,"1,003","1,322","1,320","1,251","1,310","1,279","1,305","1,334","1,319","1,290",,,,,,
 Staten Island,Projected,2021-22,"4,075","4,392","4,481","4,291","4,310","4,301","4,491","4,182","4,265","4,422","5,289","4,884","4,104","3,695",425,
9,Projected,2024-25,"2,573","2,835","2,881","2,782","2,664","2,581","2,541","2,547","2,648","2,646",,,,,,
6,Projected,2016-17,"1,885","1,857","1,927","1,902","1,854","1,973","1,611","1,635","1,717","1,769",,,,,,
9,Projected,2023-24,"2,561","2,827","2,872","2,774","2,656","2,624","2,489","2,605","2,670","2,761",,,,,,
2,Projected,2023-24,"2,352","3,140","2,971","2,787","2,623","2,599","2,492","2,538","2,480","2,449",,,,,,
26,Projected,2018-19,"1,786","1,845","2,003","1,853","1,904","1,963","1,978","2,251","2,003","2,005",,,,,,
27,Projected,2017-18,"3,138","3,527","3,576","3,551","3,543","3,653","3,777","3,679","3,644","3,624",,,,,,
Brooklyn HS,Projected,2015-16,n/a,n/a,n/a,n/a,n/a,n/a,n/a,n/a,n/a,n/a,"22,167","21,449","16,703","16,991","3,052",
3,Projected,2025-26,961,"1,343","1,348","1,283","1,247","1,200","1,172","1,164","1,132","1,194",,,,,,
4,Projected,2022-23,953,919,954,932,897,920,834,903,914,905,,,,,,
31,Projected,2017-18,"3,946","4,264","4,580","4,559","4,624","4,739","4,682","4,254","4,168","4,272",,,,,,
15,Projected,2024-25,"2,825","3,303","3,278","3,192","3,060","2,965","2,789","1,934","1,994","1,910",,,,,,
32,Projected,2017-18,"1,143",914,908,838,831,847,919,961,"1,023","1,062",,,,,,
11,Projected,2023-24,"3,704","3,263","3,451","3,383","3,281","3,198","3,085","2,872","2,976","3,195",,,,,,
19,Projected,2020-21,"1,909","1,760","1,864","1,820","1,837","1,806","1,788","1,524","1,581","1,679",,,,,,
19,Historical,2015-16,"1,976","1,871","1,878","1,892","1,948","1,904","1,879","1,577","1,666","1,776",,,,,,
30,Projected,2018-19,"3,221","3,122","3,184","3,088","3,044","2,973","2,968","3,490","3,203","3,215",,,,,,
 Bronx,Projected,2023-24,"15,049","15,274","15,885","15,395","14,892","14,752","14,332","13,935","14,262","14,749","16,434","15,176","12,277","11,033","2,317",
27,Projected,2023-24,"3,101","3,443","3,505","3,513","3,462","3,516","3,482","3,663","3,662","3,604",,,,,,
30,Projected,2020-21,"3,340","3,233","3,173","3,071","3,007","2,942","2,986","3,275","3,137","3,339",,,,,,
5,Projected,2016-17,"1,194",836,849,852,834,786,801,820,772,786,,,,,,
20,Projected,2023-24,"4,053","4,565","4,746","4,632","4,558","4,414","4,289","4,996","4,799","4,590",,,,,,
Bronx HS,Projected,2019-20,n/a,n/a,n/a,n/a,n/a,n/a,n/a,n/a,n/a,n/a,"16,434","15,176","12,277","11,033","2,317",
14,Projected,2022-23,"1,410","1,101","1,105","1,090","1,123","1,045",996,"1,115","1,052","1,082",,,,,,
27,Projected,2020-21,"3,155","3,473","3,576","3,521","3,520","3,500","3,492","3,647","3,802","3,907",,,,,,
21,Projected,2018-19,"2,907","2,157","2,360","2,226","2,273","2,236","2,176","3,219","3,010","3,183",,,,,,
Queens HS,Projected,2014-15,n/a,n/a,n/a,n/a,n/a,n/a,n/a,n/a,n/a,n/a,"22,728","20,531","17,480","16,883","1,181",
Manhattan HS,Projected,2019-20,n/a,n/a,n/a,n/a,n/a,n/a,n/a,n/a,n/a,n/a,"14,843","14,774","13,169","12,835","2,118",
25,Projected,2018-19,"3,265","3,111","3,244","3,134","2,845","2,940","2,955","3,183","2,913","2,828",,,,,,
6,Projected,2022-23,"1,593","1,534","1,563","1,524","1,462","1,501","1,303","1,337","1,418","1,471",,,,,,
23,Projected,2019-20,782,687,747,724,726,676,655,816,809,799,,,,,,
Manhattan HS,Projected,2015-16,n/a,n/a,n/a,n/a,n/a,n/a,n/a,n/a,n/a,n/a,"16,348","15,803","13,323","13,076","2,118",
6,Projected,2025-26,"1,455","1,443","1,472","1,442","1,408","1,409","1,174","1,137","1,221","1,309",,,,,,
23,Projected,2018-19,761,724,748,767,686,731,653,841,806,823,,,,,,
19,Projected,2025-26,"1,804","1,691","1,792","1,778","1,743","1,756","1,711","1,512","1,514","1,581",,,,,,
 Staten Island,Projected,2018-19,"3,944","4,270","4,381","4,497","4,563","4,616","4,732","4,308","4,280","4,205","5,093","4,883","4,222","3,571",425,
24,Projected,2019-20,"3,584","4,737","4,887","4,922","4,850","4,968","4,819","4,498","4,668","4,576",,,,,,
22,Projected,2018-19,"2,852","2,604","2,880","2,791","2,797","2,788","2,715","2,176","2,102","2,087",,,,,,
8,Projected,2025-26,"2,004","1,987","2,050","1,947","1,896","1,925","1,910","1,920","1,865","1,863",,,,,,
 Bronx,Projected,2019-20,"14,807","15,082","15,588","15,281","15,109","15,442","15,433","15,065","15,189","15,169","16,730","14,085","11,660","10,763","2,317",
22,Projected,2022-23,"2,694","2,608","2,768","2,770","2,798","2,636","2,730","2,012","2,068","2,078",,,,,,
Brooklyn HS,Historical,2011-12,n/a,n/a,n/a,n/a,n/a,n/a,n/a,n/a,n/a,n/a,"22,930","23,227","18,016","18,086","3,025",
4,Projected,2017-18,979,862,998,"1,013",973,977,998,995,"1,024",985,,,,,,
25,Projected,2022-23,"3,335","3,325","3,344","3,286","3,314","3,138","3,220","3,210","2,968","3,090",,,,,,
10,Projected,2017-18,"3,690","4,297","4,386","4,290","4,383","4,431","4,292","4,043","3,854","3,736",,,,,,
3,Projected,2023-24,987,"1,335","1,341","1,276","1,238","1,183","1,156","1,240","1,232","1,270",,,,,,
12,Projected,2016-17,"1,610","1,886","1,962","1,930","1,936","1,902","1,780","1,833","1,644","1,688",,,,,,
17,Projected,2019-20,"2,074","1,240","1,274","1,289","1,287","1,251","1,170","1,244","1,421","1,500",,,,,,
6,Projected,2019-20,"1,688","1,586","1,662","1,695","1,715","1,744","1,460","1,444","1,611","1,630",,,,,,
10,Projected,2022-23,"3,746","4,204","4,378","4,233","3,928","4,032","4,118","3,787","3,808","4,024",,,,,,
19,Projected,2023-24,"1,841","1,716","1,821","1,805","1,770","1,788","1,714","1,555","1,548","1,626",,,,,,
Brooklyn HS,Projected,2013-14,n/a,n/a,n/a,n/a,n/a,n/a,n/a,n/a,n/a,n/a,"21,724","22,190","17,553","17,781","3,052",
 Staten Island,Projected,2022-23,"4,110","4,434","4,524","4,396","4,292","4,305","4,297","4,130","4,211","4,307","5,401","4,967","4,225","3,625",425,
29,Projected,2021-22,"2,246","2,259","2,331","2,310","2,213","2,302","2,205","2,077","2,011","2,172",,,,,,
10,Projected,2018-19,"3,551","4,129","4,478","4,242","4,187","4,350","4,348","4,017","4,028","3,890",,,,,,
7,Projected,2023-24,"1,430","1,238","1,307","1,276","1,207","1,229","1,133","1,183","1,190","1,236",,,,,,
Staten Island HS,Projected,2014-15,n/a,n/a,n/a,n/a,n/a,n/a,n/a,n/a,n/a,n/a,"5,093","4,883","4,222","3,571",425,
26,Projected,2020-21,"1,770","1,901","1,948","1,924","2,064","1,914","1,978","2,199","2,172","2,321",,,,,,
16,Projected,2021-22,720,541,511,458,433,422,392,245,279,270,,,,,,
 Manhattan,Projected,2017-18,"8,019","8,681","8,911","8,767","8,601","8,608","8,335","8,171","8,422","8,334","16,025","15,798","13,822","13,522","2,118",
16,Projected,2022-23,712,536,507,477,434,400,366,272,239,268,,,,,,
32,Projected,2022-23,"1,075",797,799,763,649,642,682,687,665,701,,,,,,
12,Projected,2021-22,"1,588","1,755","1,827","1,834","1,799","1,737","1,758","1,691","1,730","1,788",,,,,,
18,Projected,2018-19,"1,459",983,"1,066","1,044","1,120","1,143","1,036","1,044",995,"1,116",,,,,,
31,Projected,2019-20,"4,007","4,260","4,387","4,301","4,502","4,557","4,610","4,349","4,335","4,318",,,,,,
 Brooklyn,Projected,2016-17,"24,029","21,238","21,797","21,696","21,150","21,772","20,576","19,819","19,264","19,451","22,400","22,635","17,964","17,824","3,052",
Staten Island HS,Projected,2018-19,n/a,n/a,n/a,n/a,n/a,n/a,n/a,n/a,n/a,n/a,"5,401","4,967","4,225","3,625",425,
15,Projected,2022-23,"2,824","3,282","3,259","3,170","2,952","2,863","2,929","1,941","1,969","1,976",,,,,,
Bronx HS,Projected,2021-22,n/a,n/a,n/a,n/a,n/a,n/a,n/a,n/a,n/a,n/a,"15,762","14,763","12,085","11,060","2,317",
 Queens,Projected,2022-23,"20,665","22,063","22,418","22,045","21,793","21,351","21,582","21,121","21,245","21,382","23,870","22,248","18,365","17,496","1,181",
30,Projected,2019-20,"3,313","3,135","3,162","3,091","3,004","2,981","2,975","3,266","3,349","3,193",,,,,,
19,Projected,2017-18,"1,949","1,831","1,892","1,928","1,775","1,815","1,842","1,650","1,717","1,589",,,,,,
10,Projected,2016-17,"3,832","4,210","4,437","4,492","4,464","4,374","4,320","3,868","3,700","3,768",,,,,,
13,Projected,2020-21,"1,108","1,072","1,102","1,087","1,115","1,021",953,750,736,755,,,,,,
28,Projected,2025-26,"3,391","3,211","3,280","3,160","3,113","3,019","2,922","2,770","2,698","2,662",,,,,,
25,Projected,2019-20,"3,199","3,284","3,180","3,241","3,101","2,849","2,957","3,044","3,191","2,942",,,,,,
30,Historical,2015-16,"3,177","3,179","3,216","3,107","3,238","3,030","3,052","3,215","3,324","3,186",,,,,,
Staten Island HS,Projected,2021-22,n/a,n/a,n/a,n/a,n/a,n/a,n/a,n/a,n/a,n/a,"5,119","4,881","4,230","3,846",425,
9,Projected,2021-22,"2,545","2,809","2,854","2,809","2,644","2,627","2,567","2,745","2,765","2,780",,,,,,
32,Projected,2019-20,"1,179",780,799,824,772,724,741,799,890,916,,,,,,
6,Historical,2015-16,"1,986","1,916","1,983","1,933","2,005","1,983","1,676","1,669","1,755","1,796",,,,,,
29,Projected,2019-20,"2,258","2,268","2,273","2,323","2,267","2,377","2,175","2,098","2,358","2,292",,,,,,
 Brooklyn,Projected,2024-25,"21,718","20,119","20,838","20,491","20,053","19,882","19,224","18,326","19,368","19,061","21,209","21,609","16,714","17,385","3,052",
20,Projected,2019-20,"3,932","4,281","4,372","4,627","4,342","4,095","4,276","4,473","4,554","4,641",,,,,,
32,Projected,2016-17,"1,282",930,907,903,904,965,966,"1,052","1,085","1,077",,,,,,
16,Projected,2017-18,708,557,558,460,524,501,482,362,372,352,,,,,,
6,Projected,2018-19,"1,693","1,656","1,768","1,789","1,772","1,794","1,486","1,567","1,619","1,694",,,,,,
10,Projected,2019-20,"3,741","3,994","4,302","4,331","4,141","4,156","4,267","4,072","4,002","4,064",,,,,,
29,Projected,2024-25,"2,226","2,259","2,333","2,304","2,275","2,275","2,228","1,900","2,032","2,045",,,,,,
17,Projected,2016-17,"2,213","1,421","1,477","1,474","1,385","1,466","1,399","1,499","1,496","1,691",,,,,,
4,Projected,2020-21,947,905,931,967,864,930,940,914,935,968,,,,,,
Staten Island HS,Projected,2016-17,n/a,n/a,n/a,n/a,n/a,n/a,n/a,n/a,n/a,n/a,"5,189","4,741","4,178","3,757",425,
9,Projected,2019-20,"2,528","2,847","2,841","2,810","2,728","2,775","2,662","2,765","2,940","2,928",,,,,,
10,Projected,2020-21,"3,744","4,200","4,162","4,160","4,227","4,112","4,079","3,999","4,057","4,038",,,,,,
6,Projected,2024-25,"1,517","1,477","1,506","1,469","1,434","1,436","1,175","1,187","1,301","1,382",,,,,,
13,Projected,2018-19,"1,155","1,132","1,223","1,129","1,085","1,054",995,805,767,747,,,,,,
5,Projected,2025-26,"1,140",775,802,791,763,742,686,725,706,744,,,,,,
 Queens,Projected,2024-25,"20,795","22,228","22,589","22,216","21,872","21,700","21,517","21,042","21,590","21,464","23,550","21,330","18,869","18,632","1,181",
30,Projected,2021-22,"3,368","3,260","3,273","3,082","2,987","2,947","2,950","3,284","3,144","3,128",,,,,,
8,Historical,2015-16,"2,127","2,204","2,396","2,255","2,211","2,240","2,251","1,896","2,057","2,124",,,,,,
