District,Year,Enrolled,Status,Percentage
1,2018,164301.0,Absent Percentage,7.088818692521652
1,2018,241101.0,Absent Percentage,6.958494572813883
1,2018,198346.0,Absent Percentage,8.724148709830297
1,2018,165486.0,Absent Percentage,8.812830088345843
1,2018,220156.0,Absent Percentage,10.004269699667509
1,2018,154396.0,Absent Percentage,8.88753594652711
1,2018,220043.0,Absent Percentage,8.843725999009285
1,2018,176503.0,Absent Percentage,8.969819209871787
1,2018,242143.0,Absent Percentage,9.440702394865843
1,2018,153499.0,Absent Percentage,13.64504003283409
1,2019,185248.0,Absent Percentage,6.660800656417343
1,2019,218918.0,Absent Percentage,6.931819219981911
1,2019,186336.0,Absent Percentage,8.636012364760433
1,2019,164462.0,Absent Percentage,9.987109484257761
1,2019,218456.0,Absent Percentage,9.850953967847072
1,2019,164722.0,Absent Percentage,9.163924673085562
1,2019,110133.0,Absent Percentage,14.368082227851781
1,2020,104656.0,Absent Percentage,11.528244916679407
1,2020,220807.0,Absent Percentage,9.95575321434556
1,2020,189522.0,Absent Percentage,10.638342778147129
1,2020,178614.0,Absent Percentage,10.462785671895821
1,2020,199081.0,Absent Percentage,10.433943972553886
1,2020,142781.0,Absent Percentage,9.443833563289234
1,2020,207535.0,Absent Percentage,9.248078637338281
1,2020,207491.0,Absent Percentage,10.019711698338723
1,2020,196988.0,Absent Percentage,10.575771112961196
1,2020,180871.0,Absent Percentage,15.376152064178337
2,2018,918755.0,Absent Percentage,6.675446664235841
2,2018,1346336.0,Absent Percentage,6.5391551588905
2,2018,1099309.0,Absent Percentage,8.142478593370926
2,2018,913331.0,Absent Percentage,8.980533891874906
2,2018,1117039.0,Absent Percentage,9.16566028580918
2,2018,848633.0,Absent Percentage,9.053972683126863
2,2018,1208031.0,Absent Percentage,8.392913758007865
2,2018,965990.0,Absent Percentage,8.621310779614696
2,2018,1325157.0,Absent Percentage,9.287956068601682
2,2018,720591.0,Absent Percentage,12.879428136071642
2,2019,1037785.0,Absent Percentage,6.570146995765019
2,2019,1221016.0,Absent Percentage,6.723499118766667
2,2019,1037760.0,Absent Percentage,8.079421060746222
2,2019,914556.0,Absent Percentage,9.295439535687262
2,2019,1119765.0,Absent Percentage,9.24122472125848
2,2019,911809.0,Absent Percentage,9.25435041768616
2,2019,607878.0,Absent Percentage,13.276677227996409
2,2020,594232.0,Absent Percentage,10.028574698097712
2,2020,1246469.0,Absent Percentage,10.017256746858525
2,2020,1064884.0,Absent Percentage,10.063443529999512
2,2020,1001772.0,Absent Percentage,10.093913585127154
2,2020,1112904.0,Absent Percentage,10.159456700667803
2,2020,782408.0,Absent Percentage,9.221148045521007
2,2020,1164728.0,Absent Percentage,10.062435177998639
2,2020,1159175.0,Absent Percentage,11.045873142536717
2,2020,1100285.0,Absent Percentage,11.93190855096634
2,2020,970410.0,Absent Percentage,16.807431910223514
3,2018,327455.0,Absent Percentage,5.784306240552136
3,2018,481742.0,Absent Percentage,5.720904550568562
3,2018,394231.0,Absent Percentage,7.538219977627331
3,2018,328266.0,Absent Percentage,7.970060865273894
3,2018,419047.0,Absent Percentage,8.423160170577525
3,2018,304828.0,Absent Percentage,8.27253401918459
3,2018,435141.0,Absent Percentage,7.662573740465733
3,2018,347578.0,Absent Percentage,7.557152639119852
3,2018,477380.0,Absent Percentage,8.132305500858855
3,2018,281592.0,Absent Percentage,11.941035256683428
3,2019,368962.0,Absent Percentage,5.641231346317507
3,2019,434168.0,Absent Percentage,5.710922960697242
3,2019,369742.0,Absent Percentage,7.494415024530619
3,2019,326402.0,Absent Percentage,9.060606246285257
3,2019,415639.0,Absent Percentage,8.757118557209502
3,2019,325835.0,Absent Percentage,8.500314576396029
3,2019,217319.0,Absent Percentage,12.086379929964707
3,2020,204095.0,Absent Percentage,9.798868174134594
3,2020,426698.0,Absent Percentage,8.241894735855336
3,2020,364563.0,Absent Percentage,8.676141023636518
3,2020,343128.0,Absent Percentage,8.96050453475088
3,2020,381749.0,Absent Percentage,9.205787048558085
3,2020,271234.0,Absent Percentage,9.797075587868779
3,2020,399516.0,Absent Percentage,8.84945784399123
3,2020,399293.0,Absent Percentage,9.672095428670174
3,2020,378978.0,Absent Percentage,10.51274744180401
3,2020,337131.0,Absent Percentage,13.41348021985519
4,2018,188767.0,Absent Percentage,6.285526601577606
4,2018,277052.0,Absent Percentage,6.192700287310685
4,2018,226564.0,Absent Percentage,8.004360798714712
4,2018,188788.0,Absent Percentage,8.073076678602453
4,2018,249428.0,Absent Percentage,10.225796622672675
4,2018,175929.0,Absent Percentage,7.652518913880031
4,2018,251216.0,Absent Percentage,7.604213107445386
4,2018,200800.0,Absent Percentage,7.495517928286853
4,2018,275977.0,Absent Percentage,8.33257843950764
4,2018,171826.0,Absent Percentage,15.78748268597302
4,2019,207747.0,Absent Percentage,6.048222116324182
4,2019,245501.0,Absent Percentage,6.394678636746898
4,2019,208907.0,Absent Percentage,7.953299793688101
4,2019,184616.0,Absent Percentage,9.27871907093643
4,2019,242967.0,Absent Percentage,9.819440500150225
4,2019,184979.0,Absent Percentage,8.403656631293282
4,2019,123407.0,Absent Percentage,12.390707172202548
4,2020,116373.0,Absent Percentage,11.325651139009908
4,2020,245448.0,Absent Percentage,10.28975587497148
4,2020,211041.0,Absent Percentage,10.793637255320055
4,2020,199015.0,Absent Percentage,10.540914001457176
4,2020,221912.0,Absent Percentage,9.980532823822056
4,2020,159044.0,Absent Percentage,9.461532657629334
4,2020,232666.0,Absent Percentage,9.514497176209675
4,2020,232767.0,Absent Percentage,9.764700322640236
4,2020,221096.0,Absent Percentage,9.94273980533343
4,2020,200703.0,Absent Percentage,14.420312601206758
5,2018,157647.0,Absent Percentage,9.180637753969311
5,2018,231188.0,Absent Percentage,8.277678772254616
5,2018,188453.0,Absent Percentage,10.807999872647292
5,2018,156838.0,Absent Percentage,10.403091087619073
5,2018,210963.0,Absent Percentage,11.522399662500058
5,2018,146221.0,Absent Percentage,10.056011106475813
5,2018,208830.0,Absent Percentage,10.191064502226691
5,2018,167391.0,Absent Percentage,10.150485987896602
5,2018,230338.0,Absent Percentage,10.840590783978328
5,2018,151293.0,Absent Percentage,18.768217961174674
5,2019,169786.0,Absent Percentage,8.955979880555523
5,2019,200631.0,Absent Percentage,8.558497939002448
5,2019,170927.0,Absent Percentage,10.510334821297981
5,2019,151064.0,Absent Percentage,11.981014669279245
5,2019,202221.0,Absent Percentage,11.586333763555713
5,2019,151243.0,Absent Percentage,11.162169488835847
5,2019,100818.0,Absent Percentage,15.086591680057133
5,2020,90671.0,Absent Percentage,20.66261538970564
5,2020,192991.0,Absent Percentage,18.983268649833413
5,2020,165701.0,Absent Percentage,16.340879053234442
5,2020,156679.0,Absent Percentage,16.89441469501337
5,2020,174965.0,Absent Percentage,16.376418140771012
5,2020,125015.0,Absent Percentage,15.32456105267368
5,2020,184396.0,Absent Percentage,14.576780407384108
5,2020,184172.0,Absent Percentage,15.033229806919618
5,2020,175128.0,Absent Percentage,16.47023891096798
5,2020,159790.0,Absent Percentage,22.389386069215846
6,2018,309963.0,Absent Percentage,7.863196575075089
6,2018,456210.0,Absent Percentage,6.573288617084237
6,2018,373690.0,Absent Percentage,8.130803607268057
6,2018,311292.0,Absent Percentage,8.634336892692392
6,2018,414440.0,Absent Percentage,10.395714699353343
6,2018,290120.0,Absent Percentage,7.981524886253964
6,2018,414374.0,Absent Percentage,7.900109562858673
6,2018,331190.0,Absent Percentage,7.486941030828226
6,2018,455740.0,Absent Percentage,8.122833194365208
6,2018,287726.0,Absent Percentage,13.51007555799615
6,2019,341727.0,Absent Percentage,7.1732698908778065
6,2019,403118.0,Absent Percentage,6.562098442639624
6,2019,342662.0,Absent Percentage,7.354185757393584
6,2019,302309.0,Absent Percentage,8.843269634711504
6,2019,401552.0,Absent Percentage,9.854016416304738
6,2019,302310.0,Absent Percentage,8.086732162349906
6,2019,201850.0,Absent Percentage,12.437948972008918
6,2020,189830.0,Absent Percentage,16.24137386082284
6,2020,401738.0,Absent Percentage,12.851410620852397
6,2020,343757.0,Absent Percentage,11.889503341022873
6,2020,324069.0,Absent Percentage,11.591358630415128
6,2020,361766.0,Absent Percentage,11.40765024905602
6,2020,259979.0,Absent Percentage,9.987345131722178
6,2020,378843.0,Absent Percentage,9.982499346695068
6,2020,378567.0,Absent Percentage,10.099665316839555
6,2020,359411.0,Absent Percentage,9.948220839095075
6,2020,323253.0,Absent Percentage,13.458189096466237
7,2018,269281.0,Absent Percentage,10.289623107460237
7,2018,396825.0,Absent Percentage,9.517797517797517
7,2018,323880.0,Absent Percentage,11.577744843769297
7,2018,269170.0,Absent Percentage,11.652487275699372
7,2018,352050.0,Absent Percentage,13.597500355063202
7,2018,250118.0,Absent Percentage,11.347044195139894
7,2018,356894.0,Absent Percentage,11.534797446860972
7,2018,285460.0,Absent Percentage,10.930778392769565
7,2018,392935.0,Absent Percentage,12.1727512183949
7,2018,242714.0,Absent Percentage,18.70431866311791
7,2019,293269.0,Absent Percentage,9.350118832880392
7,2019,347800.0,Absent Percentage,9.722541690626798
7,2019,296346.0,Absent Percentage,11.112010960161433
7,2019,261096.0,Absent Percentage,12.871127861016637
7,2019,340098.0,Absent Percentage,12.740739433927867
7,2019,260513.0,Absent Percentage,11.550287317715432
7,2019,173587.0,Absent Percentage,16.661385933278414
7,2020,164002.0,Absent Percentage,19.843050694503724
7,2020,346644.0,Absent Percentage,16.75494166926299
7,2020,297889.0,Absent Percentage,16.50245561266109
7,2020,280653.0,Absent Percentage,16.590594078809062
7,2020,312803.0,Absent Percentage,15.519352435878172
7,2020,222543.0,Absent Percentage,14.04088198685198
7,2020,328066.0,Absent Percentage,14.038333749916177
7,2020,327252.0,Absent Percentage,14.140173322088176
7,2020,310527.0,Absent Percentage,13.877054169202676
7,2020,284394.0,Absent Percentage,16.680731661005506
8,2018,394596.0,Absent Percentage,9.33613113158775
8,2018,580155.0,Absent Percentage,8.392584740284924
8,2018,475194.0,Absent Percentage,11.02707525768423
8,2018,395568.0,Absent Percentage,10.410093839744368
8,2018,524956.0,Absent Percentage,12.474569297236341
8,2018,368582.0,Absent Percentage,10.688530639043686
8,2018,525551.0,Absent Percentage,10.76679523014893
8,2018,420798.0,Absent Percentage,9.99196764243176
8,2018,579280.0,Absent Percentage,11.072710951526032
8,2018,362879.0,Absent Percentage,17.741175433133357
8,2019,437144.0,Absent Percentage,8.603343520670533
8,2019,514805.0,Absent Percentage,8.855003350783306
8,2019,437584.0,Absent Percentage,10.202155471863687
8,2019,386131.0,Absent Percentage,11.630508816955903
8,2019,513781.0,Absent Percentage,11.258688040235041
8,2019,385383.0,Absent Percentage,10.195571678044958
8,2019,257267.0,Absent Percentage,14.918742007330904
8,2020,240633.0,Absent Percentage,18.714390794280085
8,2020,509879.0,Absent Percentage,11.788287024960823
8,2020,437821.0,Absent Percentage,10.45290198505782
8,2020,413189.0,Absent Percentage,9.809070425398545
8,2020,461310.0,Absent Percentage,9.74377316771802
8,2020,331673.0,Absent Percentage,8.756516207228204
8,2020,482820.0,Absent Percentage,8.84698231224887
8,2020,482268.0,Absent Percentage,9.108006336725637
8,2020,458379.0,Absent Percentage,9.291874191444197
8,2020,416740.0,Absent Percentage,13.763497624418102
9,2018,483113.0,Absent Percentage,9.704768863599199
9,2018,709784.0,Absent Percentage,8.043292043776699
9,2018,579111.0,Absent Percentage,10.433060328676195
9,2018,482269.0,Absent Percentage,9.817342603401837
9,2018,647776.0,Absent Percentage,12.107271649459072
9,2018,449275.0,Absent Percentage,9.563185131600912
9,2018,640940.0,Absent Percentage,9.447998252566544
9,2018,512735.0,Absent Percentage,9.425726739933884
9,2018,703715.0,Absent Percentage,10.189494326538442
9,2018,454638.0,Absent Percentage,16.91257659940436
9,2019,523421.0,Absent Percentage,8.589452849618183
9,2019,616565.0,Absent Percentage,7.857727895680099
9,2019,524270.0,Absent Percentage,8.982013084860855
9,2019,462457.0,Absent Percentage,10.418049678132236
9,2019,620977.0,Absent Percentage,10.954512002860008
9,2019,464156.0,Absent Percentage,9.360215100095658
9,2019,309397.0,Absent Percentage,13.163669977407666
9,2020,287849.0,Absent Percentage,17.54774204530848
9,2020,608723.0,Absent Percentage,14.082431582181057
9,2020,522040.0,Absent Percentage,11.49413838020075
9,2020,492481.0,Absent Percentage,10.960828945685213
9,2020,549594.0,Absent Percentage,10.776682423752806
9,2020,394097.0,Absent Percentage,9.747346465464087
9,2020,576420.0,Absent Percentage,9.373547066375213
9,2020,576280.0,Absent Percentage,9.72808357048657
9,2020,547909.0,Absent Percentage,9.649230072877065
9,2020,497539.0,Absent Percentage,13.433117805840347
10,2018,773940.0,Absent Percentage,7.927487918960126
10,2018,1135015.0,Absent Percentage,6.628106236481456
10,2018,927627.0,Absent Percentage,8.702204657691077
10,2018,771339.0,Absent Percentage,8.41523636170348
10,2018,1017406.0,Absent Percentage,10.571492599807748
10,2018,719768.0,Absent Percentage,8.209450823042982
10,2018,1028362.0,Absent Percentage,8.212477707266508
10,2018,821840.0,Absent Percentage,8.04487491482527
10,2018,1130222.0,Absent Percentage,8.702007216281404
10,2018,701385.0,Absent Percentage,14.477640668106675
10,2019,854236.0,Absent Percentage,6.788522141422276
10,2019,1007091.0,Absent Percentage,6.4810429246215095
10,2019,855617.0,Absent Percentage,7.720393587317691
10,2019,753720.0,Absent Percentage,8.91551239186966
10,2019,991958.0,Absent Percentage,9.774607392651705
10,2019,753133.0,Absent Percentage,7.906837172186054
10,2019,501907.0,Absent Percentage,11.943646930606667
10,2020,477858.0,Absent Percentage,17.45978930979496
10,2020,1010555.0,Absent Percentage,12.265735165329943
10,2020,866445.0,Absent Percentage,11.20048012280064
10,2020,816551.0,Absent Percentage,10.249819056005075
10,2020,911361.0,Absent Percentage,10.290104579853647
10,2020,654064.0,Absent Percentage,9.605482032339344
10,2020,957556.0,Absent Percentage,8.947779555451588
10,2020,956700.0,Absent Percentage,9.262673774432946
10,2020,908369.0,Absent Percentage,9.735030587789764
10,2020,826089.0,Absent Percentage,14.442753746872311
11,2018,554895.0,Absent Percentage,7.24064913181773
11,2018,813898.0,Absent Percentage,6.739296570331908
11,2018,664619.0,Absent Percentage,8.828366327173914
11,2018,553869.0,Absent Percentage,8.134233907295767
11,2018,735310.0,Absent Percentage,9.889978376467068
11,2018,517675.0,Absent Percentage,8.253054522625199
11,2018,737546.0,Absent Percentage,8.258196776879
11,2018,591073.0,Absent Percentage,7.820861382604178
11,2018,809318.0,Absent Percentage,8.875374080398558
11,2018,504608.0,Absent Percentage,15.741526095503836
11,2019,612813.0,Absent Percentage,6.678056764461589
11,2019,719951.0,Absent Percentage,6.5332223998577685
11,2019,610936.0,Absent Percentage,7.7847761467649645
11,2019,539708.0,Absent Percentage,9.14976246414728
11,2019,719131.0,Absent Percentage,9.301365119846036
11,2019,540331.0,Absent Percentage,8.414286798277352
11,2019,360262.0,Absent Percentage,12.60860151778428
11,2020,339246.0,Absent Percentage,16.355977668122836
11,2020,717198.0,Absent Percentage,11.803574466186465
11,2020,614516.0,Absent Percentage,10.15075278755964
11,2020,579412.0,Absent Percentage,9.275783035215012
11,2020,647275.0,Absent Percentage,8.725503070565061
11,2020,467457.0,Absent Percentage,8.324615953980793
11,2020,678938.0,Absent Percentage,8.23109032047109
11,2020,678295.0,Absent Percentage,8.607022018443303
11,2020,644332.0,Absent Percentage,9.377463791958183
11,2020,580026.0,Absent Percentage,14.186260615903427
12,2018,315374.0,Absent Percentage,10.142877979795417
12,2018,464610.0,Absent Percentage,8.943414907126407
12,2018,379319.0,Absent Percentage,11.251215994980477
12,2018,315709.0,Absent Percentage,10.575244924915033
12,2018,419754.0,Absent Percentage,12.624537228948384
12,2018,295257.0,Absent Percentage,10.466813657254527
12,2018,419952.0,Absent Percentage,10.481674096087172
12,2018,336368.0,Absent Percentage,9.863601769490558
12,2018,462551.0,Absent Percentage,10.795566326740188
12,2018,295064.0,Absent Percentage,17.05426619309709
12,2019,340142.0,Absent Percentage,8.234208066043006
12,2019,402136.0,Absent Percentage,8.243231145682058
12,2019,341953.0,Absent Percentage,9.36210531856717
12,2019,301497.0,Absent Percentage,10.808399420226404
12,2019,404027.0,Absent Percentage,11.026243295621333
12,2019,301524.0,Absent Percentage,9.585638290815988
12,2019,201147.0,Absent Percentage,13.775497521712976
12,2020,183877.0,Absent Percentage,19.13181093883411
12,2020,389128.0,Absent Percentage,13.675448695544912
12,2020,334867.0,Absent Percentage,12.938569641081385
12,2020,316078.0,Absent Percentage,11.303855377470118
12,2020,352986.0,Absent Percentage,10.623084201639726
12,2020,253441.0,Absent Percentage,10.252090230073271
12,2020,370275.0,Absent Percentage,9.552899871716967
12,2020,370547.0,Absent Percentage,10.24755294200196
12,2020,352574.0,Absent Percentage,10.209204308882674
12,2020,320328.0,Absent Percentage,12.880547438875153
13,2018,314730.0,Absent Percentage,6.867155974962666
13,2018,460412.0,Absent Percentage,6.4707262191254795
13,2018,375581.0,Absent Percentage,8.155364621746042
13,2018,312618.0,Absent Percentage,8.135168160502595
13,2018,381410.0,Absent Percentage,9.658635064628616
13,2018,290281.0,Absent Percentage,8.7380848212594
13,2018,414125.0,Absent Percentage,8.418231210383338
13,2018,330911.0,Absent Percentage,8.447588626549132
13,2018,448378.0,Absent Percentage,9.233949926178358
13,2018,246183.0,Absent Percentage,15.15092431240175
13,2019,352994.0,Absent Percentage,5.907749140212015
13,2019,414005.0,Absent Percentage,5.927947730099878
13,2019,351954.0,Absent Percentage,7.485637327605311
13,2019,309821.0,Absent Percentage,9.447390590050384
13,2019,378010.0,Absent Percentage,9.064575011243088
13,2019,308693.0,Absent Percentage,8.101900593793834
13,2019,205833.0,Absent Percentage,12.768603673852102
13,2020,202725.0,Absent Percentage,11.44062153163152
13,2020,422563.0,Absent Percentage,8.742838345998113
13,2020,361336.0,Absent Percentage,8.72761086634047
13,2020,340421.0,Absent Percentage,8.811148548415051
13,2020,379675.0,Absent Percentage,9.220254164746164
13,2020,266140.0,Absent Percentage,9.446156158412865
13,2020,396758.0,Absent Percentage,10.695184470130407
13,2020,396594.0,Absent Percentage,10.800465967715093
13,2020,376678.0,Absent Percentage,9.960496763814186
13,2020,346581.0,Absent Percentage,9.70682178192111
14,2018,266328.0,Absent Percentage,7.668363822054008
14,2018,389854.0,Absent Percentage,7.35788269454719
14,2018,318165.0,Absent Percentage,9.122310750711108
14,2018,264605.0,Absent Percentage,9.436707545208895
14,2018,344991.0,Absent Percentage,11.480009623439452
14,2018,246389.0,Absent Percentage,9.549127599040542
14,2018,351476.0,Absent Percentage,9.38243293994469
14,2018,280802.0,Absent Percentage,9.28554639924217
14,2018,385406.0,Absent Percentage,10.383336014488616
14,2018,235270.0,Absent Percentage,14.526288944616821
14,2019,296850.0,Absent Percentage,7.214081185784066
14,2019,348489.0,Absent Percentage,7.566666379713563
14,2019,295555.0,Absent Percentage,9.380995077058415
14,2019,260235.0,Absent Percentage,10.03016504313409
14,2019,337843.0,Absent Percentage,10.558158671335502
14,2019,259326.0,Absent Percentage,9.746033949546131
14,2019,172946.0,Absent Percentage,13.736079469892337
14,2020,168095.0,Absent Percentage,14.264552782652668
14,2020,350560.0,Absent Percentage,10.832382473756276
14,2020,298795.0,Absent Percentage,10.660151608962666
14,2020,281996.0,Absent Percentage,10.372842167974014
14,2020,312006.0,Absent Percentage,10.87607289603405
14,2020,222515.0,Absent Percentage,9.593959957755658
14,2020,326447.0,Absent Percentage,9.668031870410818
14,2020,326616.0,Absent Percentage,10.22454503147427
14,2020,307890.0,Absent Percentage,10.406963525934588
14,2020,280862.0,Absent Percentage,16.038837578597317
15,2018,473410.0,Absent Percentage,5.359413616104434
15,2018,692853.0,Absent Percentage,5.152896790516892
15,2018,565380.0,Absent Percentage,6.6981499168700696
15,2018,470522.0,Absent Percentage,7.286800617186868
15,2018,631724.0,Absent Percentage,7.872108705700591
15,2018,437285.0,Absent Percentage,7.509747647415302
15,2018,624267.0,Absent Percentage,7.0312862925639195
15,2018,497816.0,Absent Percentage,6.969442524948977
15,2018,685501.0,Absent Percentage,7.108085910888533
15,2018,436920.0,Absent Percentage,9.819646617229699
15,2019,529384.0,Absent Percentage,5.465031054961993
15,2019,621769.0,Absent Percentage,5.3865663936285015
15,2019,527487.0,Absent Percentage,6.838462369688732
15,2019,464683.0,Absent Percentage,7.853310751630682
15,2019,621642.0,Absent Percentage,8.245581862229386
15,2019,462719.0,Absent Percentage,7.632494019048278
15,2019,308498.0,Absent Percentage,11.46911811421792
15,2020,299408.0,Absent Percentage,9.735878800833644
15,2020,628483.0,Absent Percentage,7.8535139375289384
15,2020,538218.0,Absent Percentage,7.937118416701039
15,2020,508080.0,Absent Percentage,7.9965753424657535
15,2020,566027.0,Absent Percentage,8.613193363567461
15,2020,409260.0,Absent Percentage,8.069198064799883
15,2020,593993.0,Absent Percentage,8.735288126291051
15,2020,592734.0,Absent Percentage,9.008762783980673
15,2020,562348.0,Absent Percentage,9.313983511989017
15,2020,506194.0,Absent Percentage,13.079175177896222
16,2018,90476.0,Absent Percentage,11.825235421548255
16,2018,133432.0,Absent Percentage,11.172732178188141
16,2018,109531.0,Absent Percentage,14.25076005879614
16,2018,91522.0,Absent Percentage,13.344332510216123
16,2018,119935.0,Absent Percentage,15.050652436736566
16,2018,85124.0,Absent Percentage,13.505004464075936
16,2018,121350.0,Absent Percentage,13.513803049031726
16,2018,97204.0,Absent Percentage,13.619809884366898
16,2018,133549.0,Absent Percentage,14.739908198488944
16,2018,81536.0,Absent Percentage,21.33045525902669
16,2019,101950.0,Absent Percentage,11.065228052967141
16,2019,120663.0,Absent Percentage,11.556981013235209
16,2019,102620.0,Absent Percentage,14.272071720912102
16,2019,90270.0,Absent Percentage,15.692921236291127
16,2019,117717.0,Absent Percentage,14.588377209748804
16,2019,89779.0,Absent Percentage,14.121342407467225
16,2019,59720.0,Absent Percentage,18.174815807099797
16,2020,56763.0,Absent Percentage,17.028698271761534
16,2020,121342.0,Absent Percentage,14.06355589985331
16,2020,104333.0,Absent Percentage,12.360422876750404
16,2020,98538.0,Absent Percentage,11.999431691327203
16,2020,109970.0,Absent Percentage,12.071474038374102
16,2020,79259.0,Absent Percentage,12.778359555381725
16,2020,114452.0,Absent Percentage,12.884003774508091
16,2020,114299.0,Absent Percentage,11.577529112240702
16,2020,108856.0,Absent Percentage,11.721907841552143
16,2020,97891.0,Absent Percentage,15.036111593507066
17,2018,306308.0,Absent Percentage,8.295898246209697
17,2018,448766.0,Absent Percentage,6.973790349536284
17,2018,367163.0,Absent Percentage,8.801268101633335
17,2018,305865.0,Absent Percentage,9.098458470240137
17,2018,399481.0,Absent Percentage,10.729421424298028
17,2018,285717.0,Absent Percentage,8.810116303895112
17,2018,408564.0,Absent Percentage,8.632429680539646
17,2018,326597.0,Absent Percentage,8.541413423883256
17,2018,448792.0,Absent Percentage,9.767330968466462
17,2018,275860.0,Absent Percentage,15.357790183426376
17,2019,338060.0,Absent Percentage,7.2682364077382715
17,2019,397170.0,Absent Percentage,7.265150942921167
17,2019,337340.0,Absent Percentage,8.878579474713938
17,2019,297161.0,Absent Percentage,9.965641520926367
17,2019,386378.0,Absent Percentage,10.210467469679951
17,2019,297648.0,Absent Percentage,9.428922754394453
17,2019,198216.0,Absent Percentage,12.905618113573073
17,2020,189152.0,Absent Percentage,15.68579766536965
17,2020,398487.0,Absent Percentage,13.65289206423296
17,2020,342082.0,Absent Percentage,13.320198081161827
17,2020,322469.0,Absent Percentage,13.272283537332271
17,2020,359787.0,Absent Percentage,12.79562630111705
17,2020,256190.0,Absent Percentage,12.395487723954878
17,2020,377889.0,Absent Percentage,11.869358462405627
17,2020,377819.0,Absent Percentage,12.580362554556546
17,2020,358941.0,Absent Percentage,13.25928216614987
17,2020,326905.0,Absent Percentage,17.725944846362093
18,2018,210033.0,Absent Percentage,8.730532821032885
18,2018,308637.0,Absent Percentage,7.568438003220612
18,2018,251696.0,Absent Percentage,9.634638611658508
18,2018,209437.0,Absent Percentage,9.611482211834584
18,2018,273480.0,Absent Percentage,11.474330846862658
18,2018,194872.0,Absent Percentage,9.272753397101688
18,2018,278518.0,Absent Percentage,9.332969502868755
18,2018,223025.0,Absent Percentage,9.198520345252774
18,2018,306496.0,Absent Percentage,10.399483190645228
18,2018,185811.0,Absent Percentage,18.073203416374703
18,2019,220629.0,Absent Percentage,7.97991197893296
18,2019,260157.0,Absent Percentage,7.883316612660816
18,2019,221237.0,Absent Percentage,9.684636837418696
18,2019,195247.0,Absent Percentage,11.167393096948992
18,2019,256127.0,Absent Percentage,10.7614581828546
18,2019,195921.0,Absent Percentage,9.810076510430225
18,2019,130547.0,Absent Percentage,13.648724214267657
18,2020,117854.0,Absent Percentage,20.460909260610585
18,2020,248350.0,Absent Percentage,15.714113146768675
18,2020,212930.0,Absent Percentage,15.947964119663741
18,2020,201044.0,Absent Percentage,15.159368098525697
18,2020,224720.0,Absent Percentage,14.232378070487716
18,2020,160651.0,Absent Percentage,13.18199077503408
18,2020,233517.0,Absent Percentage,12.907411451842906
18,2020,233044.0,Absent Percentage,12.758963972468717
18,2020,221566.0,Absent Percentage,12.685610608125794
18,2020,198574.0,Absent Percentage,17.24747449313606
19,2018,309296.0,Absent Percentage,9.916390771299985
19,2018,454651.0,Absent Percentage,8.36927665396095
19,2018,371760.0,Absent Percentage,10.233483968151495
19,2018,309906.0,Absent Percentage,10.101127438642685
19,2018,413137.0,Absent Percentage,12.668920963264002
19,2018,288993.0,Absent Percentage,10.480530670293051
19,2018,412602.0,Absent Percentage,10.328112806045535
19,2018,329653.0,Absent Percentage,9.8964668909429
19,2018,453176.0,Absent Percentage,10.756747930163998
19,2018,286123.0,Absent Percentage,17.761941542623276
19,2019,348131.0,Absent Percentage,9.184186412586067
19,2019,409627.0,Absent Percentage,8.6381024688314
19,2019,348304.0,Absent Percentage,10.085442601865036
19,2019,307119.0,Absent Percentage,11.550245995851771
19,2019,406209.0,Absent Percentage,11.9411435984924
19,2019,305963.0,Absent Percentage,10.25385422420358
19,2019,203979.0,Absent Percentage,14.097039401114822
19,2020,192919.0,Absent Percentage,21.21771313349126
19,2020,407545.0,Absent Percentage,14.069857316369971
19,2020,348980.0,Absent Percentage,11.94079889965041
19,2020,329114.0,Absent Percentage,10.540420644518314
19,2020,367293.0,Absent Percentage,10.457318816312862
19,2020,263018.0,Absent Percentage,10.054825145047106
19,2020,384025.0,Absent Percentage,9.645726189701191
19,2020,384210.0,Absent Percentage,10.112698784518882
19,2020,365036.0,Absent Percentage,9.972441074305
19,2020,331371.0,Absent Percentage,14.519073787386343
20,2018,746069.0,Absent Percentage,5.205282621312506
20,2018,1094135.0,Absent Percentage,4.6882697290553725
20,2018,894712.0,Absent Percentage,5.064422965155268
20,2018,745009.0,Absent Percentage,5.674025414458081
20,2018,981010.0,Absent Percentage,6.472207215013098
20,2018,694760.0,Absent Percentage,5.9604755599055785
20,2018,989052.0,Absent Percentage,5.523167639315223
20,2018,794764.0,Absent Percentage,5.280687097050193
20,2018,1093308.0,Absent Percentage,5.845013482019705
20,2018,668628.0,Absent Percentage,8.457767248754164
20,2019,846544.0,Absent Percentage,5.316321419796254
20,2019,995967.0,Absent Percentage,4.858393902609223
20,2019,846154.0,Absent Percentage,5.035017266360497
20,2019,746220.0,Absent Percentage,6.196698024711211
20,2019,999942.0,Absent Percentage,6.695488338323623
20,2019,745723.0,Absent Percentage,6.073837068187517
20,2019,497365.0,Absent Percentage,10.993938053542166
20,2020,495293.0,Absent Percentage,12.819078807897547
20,2020,1042822.0,Absent Percentage,8.477573353841787
20,2020,893593.0,Absent Percentage,7.720740874201118
20,2020,843005.0,Absent Percentage,6.975047597582458
20,2020,940836.0,Absent Percentage,6.894931741557508
20,2020,678011.0,Absent Percentage,6.255650719531099
20,2020,986622.0,Absent Percentage,7.2330639292454455
20,2020,986368.0,Absent Percentage,7.6427864650921356
20,2020,937457.0,Absent Percentage,8.262032285214147
20,2020,848201.0,Absent Percentage,11.011658793139834
21,2018,520425.0,Absent Percentage,7.016765143872797
21,2018,763261.0,Absent Percentage,6.077737497396042
21,2018,623527.0,Absent Percentage,7.315641503896384
21,2018,519027.0,Absent Percentage,7.597292626395159
21,2018,675576.0,Absent Percentage,9.125250156903146
21,2018,483468.0,Absent Percentage,8.335608561476665
21,2018,688543.0,Absent Percentage,7.67417575953862
21,2018,552079.0,Absent Percentage,7.510157060855422
21,2018,758499.0,Absent Percentage,8.22347821157312
21,2018,456678.0,Absent Percentage,13.10639006039266
21,2019,588760.0,Absent Percentage,6.068516882940417
21,2019,693591.0,Absent Percentage,5.82778611602515
21,2019,589941.0,Absent Percentage,6.9762908494239255
21,2019,520195.0,Absent Percentage,8.170397639346785
21,2019,676023.0,Absent Percentage,8.844077790252697
21,2019,518835.0,Absent Percentage,7.949348058631357
21,2019,345759.0,Absent Percentage,12.26490127516565
21,2020,339454.0,Absent Percentage,16.487653702710826
21,2020,717181.0,Absent Percentage,11.142514929982807
21,2020,614036.0,Absent Percentage,11.001635083285018
21,2020,578960.0,Absent Percentage,10.932534199253835
21,2020,645699.0,Absent Percentage,11.577066094263735
21,2020,462216.0,Absent Percentage,9.906840092078163
21,2020,675910.0,Absent Percentage,10.619313222174549
21,2020,674969.0,Absent Percentage,10.667749185518149
21,2020,641327.0,Absent Percentage,11.185089665646386
21,2020,580808.0,Absent Percentage,15.051617746312035
22,2018,504442.0,Absent Percentage,5.737825161267302
22,2018,740116.0,Absent Percentage,4.71574726124013
22,2018,605320.0,Absent Percentage,6.1139562545430515
22,2018,504115.0,Absent Percentage,6.235283615841623
22,2018,656043.0,Absent Percentage,8.142301647910275
22,2018,469551.0,Absent Percentage,6.757306448074862
22,2018,669045.0,Absent Percentage,6.221255670395863
22,2018,535452.0,Absent Percentage,6.127906889879952
22,2018,735714.0,Absent Percentage,6.436060751868252
22,2018,440359.0,Absent Percentage,11.92663258841082
22,2019,558061.0,Absent Percentage,5.404785498359498
22,2019,657185.0,Absent Percentage,4.60342217183898
22,2019,558856.0,Absent Percentage,5.721688592410209
22,2019,492348.0,Absent Percentage,7.039126796493537
22,2019,638231.0,Absent Percentage,7.742337805590766
22,2019,491598.0,Absent Percentage,6.475006000838084
22,2019,327746.0,Absent Percentage,9.97235664203377
22,2020,318212.0,Absent Percentage,11.626525712418136
22,2020,667211.0,Absent Percentage,9.468968587148593
22,2020,570497.0,Absent Percentage,8.374277165348811
22,2020,537985.0,Absent Percentage,8.376441722352853
22,2020,600279.0,Absent Percentage,8.480056773600275
22,2020,431031.0,Absent Percentage,7.779254856379239
22,2020,629063.0,Absent Percentage,7.739765333519855
22,2020,628631.0,Absent Percentage,8.411930051174696
22,2020,597237.0,Absent Percentage,9.263659150387534
22,2020,538303.0,Absent Percentage,12.996769477413277
23,2018,128432.0,Absent Percentage,11.043197956895478
23,2018,190314.0,Absent Percentage,9.639858339375978
23,2018,156613.0,Absent Percentage,12.431279651114531
23,2018,130407.0,Absent Percentage,12.421879193601571
23,2018,178358.0,Absent Percentage,14.396326489420156
23,2018,121343.0,Absent Percentage,12.185292929958877
23,2018,173564.0,Absent Percentage,11.960429582171418
23,2018,139332.0,Absent Percentage,11.519966698245916
23,2018,191929.0,Absent Percentage,13.063163982514366
23,2018,127581.0,Absent Percentage,19.42765772332871
23,2019,141494.0,Absent Percentage,9.795468359082363
23,2019,168146.0,Absent Percentage,10.402864177559977
23,2019,143008.0,Absent Percentage,11.983944954128441
23,2019,126241.0,Absent Percentage,13.577997639435683
23,2019,171483.0,Absent Percentage,13.873678440428497
23,2019,126217.0,Absent Percentage,11.585602573345904
23,2019,84185.0,Absent Percentage,16.112133990615906
23,2020,76428.0,Absent Percentage,20.35379703773486
23,2020,161924.0,Absent Percentage,14.585855092512537
23,2020,139746.0,Absent Percentage,13.10305840596511
23,2020,132224.0,Absent Percentage,14.118465634075509
23,2020,147899.0,Absent Percentage,13.726259136302478
23,2020,106823.0,Absent Percentage,13.373524428259831
23,2020,154356.0,Absent Percentage,11.343258441524787
23,2020,153892.0,Absent Percentage,10.877108621630754
23,2020,146141.0,Absent Percentage,10.157998097727537
23,2020,132245.0,Absent Percentage,12.591780407576847
24,2018,841686.0,Absent Percentage,5.361857034571087
24,2018,1233456.0,Absent Percentage,4.860813843379902
24,2018,1007933.0,Absent Percentage,5.5932289150171695
24,2018,838787.0,Absent Percentage,6.115259297056345
24,2018,1109338.0,Absent Percentage,7.546392533204488
24,2018,781801.0,Absent Percentage,5.910327564175538
24,2018,1116766.0,Absent Percentage,5.65704901474436
24,2018,892996.0,Absent Percentage,5.29767210603407
24,2018,1229486.0,Absent Percentage,5.934024462254959
24,2018,759454.0,Absent Percentage,9.030961717233698
24,2019,934764.0,Absent Percentage,4.72354519429503
24,2019,1100184.0,Absent Percentage,4.602048384633843
24,2019,934198.0,Absent Percentage,5.414269780068038
24,2019,823675.0,Absent Percentage,6.617051628372842
24,2019,1086765.0,Absent Percentage,7.468127884133184
24,2019,822319.0,Absent Percentage,6.29719123600452
24,2019,547988.0,Absent Percentage,8.455477127236364
24,2020,532475.0,Absent Percentage,15.010469975116203
24,2020,1115183.0,Absent Percentage,8.72152821554848
24,2020,954454.0,Absent Percentage,8.26535380437402
24,2020,900261.0,Absent Percentage,7.400853752411801
24,2020,1004624.0,Absent Percentage,7.072198155727914
24,2020,725663.0,Absent Percentage,6.250284222841733
24,2020,1054938.0,Absent Percentage,6.503984120393805
24,2020,1055258.0,Absent Percentage,7.040268825254109
24,2020,1003956.0,Absent Percentage,7.772252967261513
24,2020,905854.0,Absent Percentage,11.26207976119772
25,2018,550848.0,Absent Percentage,5.777092773324038
25,2018,807524.0,Absent Percentage,5.202569830741872
25,2018,659851.0,Absent Percentage,6.34143162623077
25,2018,549439.0,Absent Percentage,6.861726233485428
25,2018,724649.0,Absent Percentage,7.212457341416327
25,2018,512286.0,Absent Percentage,6.954904096539824
25,2018,732764.0,Absent Percentage,6.705842535932442
25,2018,586204.0,Absent Percentage,6.449290690612824
25,2018,805168.0,Absent Percentage,6.875956322158854
25,2018,496619.0,Absent Percentage,9.203433618125768
25,2019,623196.0,Absent Percentage,5.355137067632013
25,2019,733460.0,Absent Percentage,5.054945054945055
25,2019,623393.0,Absent Percentage,6.062467817251718
25,2019,549786.0,Absent Percentage,7.04183082144689
25,2019,723157.0,Absent Percentage,7.39355354369798
25,2019,548110.0,Absent Percentage,7.3249895094050474
25,2019,365471.0,Absent Percentage,10.601388345450118
25,2020,357126.0,Absent Percentage,10.366649305847236
25,2020,749681.0,Absent Percentage,7.266423985668571
25,2020,642280.0,Absent Percentage,6.9675219530422865
25,2020,606020.0,Absent Percentage,6.6388898056169765
25,2020,676763.0,Absent Percentage,6.353036439639874
25,2020,486627.0,Absent Percentage,5.878629833527527
25,2020,708713.0,Absent Percentage,6.347844614110366
25,2020,708179.0,Absent Percentage,6.725700705612564
25,2020,672628.0,Absent Percentage,7.531651968101238
25,2020,611380.0,Absent Percentage,9.601066439857373
26,2018,475691.0,Absent Percentage,4.577551393656806
26,2018,696309.0,Absent Percentage,4.1691260632851215
26,2018,568911.0,Absent Percentage,5.968947691290905
26,2018,474001.0,Absent Percentage,5.672350902213286
26,2018,606500.0,Absent Percentage,6.04237427864798
26,2018,438820.0,Absent Percentage,5.832915546237637
26,2018,626459.0,Absent Percentage,5.29100866936224
26,2018,500643.0,Absent Percentage,5.611783246744687
26,2018,688373.0,Absent Percentage,5.832448396436234
26,2018,390196.0,Absent Percentage,9.427569734184871
26,2019,537323.0,Absent Percentage,4.202314064352354
26,2019,630314.0,Absent Percentage,3.762569132210295
26,2019,534593.0,Absent Percentage,4.72116170619518
26,2019,471159.0,Absent Percentage,5.495597027754961
26,2019,602551.0,Absent Percentage,6.132592925744045
26,2019,467912.0,Absent Percentage,5.637812238198635
26,2019,311971.0,Absent Percentage,8.324812242163535
26,2020,307907.0,Absent Percentage,6.8413514470278365
26,2020,645080.0,Absent Percentage,5.193929435108824
26,2020,551354.0,Absent Percentage,4.393910264548729
26,2020,519625.0,Absent Percentage,4.898917488573491
26,2020,579560.0,Absent Percentage,5.6658499551383805
26,2020,410198.0,Absent Percentage,4.753558037825636
26,2020,604034.0,Absent Percentage,5.014121721624941
26,2020,603907.0,Absent Percentage,5.364236546355648
26,2020,573245.0,Absent Percentage,6.114314123978404
26,2020,520512.0,Absent Percentage,11.941703553424322
27,2018,641690.0,Absent Percentage,7.027224984026555
27,2018,943470.0,Absent Percentage,6.464540472935017
27,2018,772571.0,Absent Percentage,7.862578326134427
27,2018,643356.0,Absent Percentage,8.31437027089201
27,2018,859314.0,Absent Percentage,9.797582722962735
27,2018,600746.0,Absent Percentage,8.343126712454183
27,2018,858015.0,Absent Percentage,8.010116373256878
27,2018,685827.0,Absent Percentage,7.707628891834238
27,2018,943613.0,Absent Percentage,8.465758737957191
27,2018,596328.0,Absent Percentage,13.462389825733489
27,2019,727433.0,Absent Percentage,6.351650255075038
27,2019,857491.0,Absent Percentage,6.620594268627893
27,2019,729139.0,Absent Percentage,7.8611897045693615
27,2019,642587.0,Absent Percentage,9.490232451014414
27,2019,856863.0,Absent Percentage,9.530111581431337
27,2019,641755.0,Absent Percentage,8.543758911110938
27,2019,427459.0,Absent Percentage,12.229009097948575
27,2020,413393.0,Absent Percentage,15.664754845873055
27,2020,874364.0,Absent Percentage,11.409321518269278
27,2020,751327.0,Absent Percentage,10.220583048393044
27,2020,709272.0,Absent Percentage,9.865608680449814
27,2020,792042.0,Absent Percentage,9.457326757924452
27,2020,568649.0,Absent Percentage,9.106672129907905
27,2020,827609.0,Absent Percentage,9.023705638773865
27,2020,826683.0,Absent Percentage,9.354492592686677
27,2020,785501.0,Absent Percentage,9.636270354843598
27,2020,712296.0,Absent Percentage,14.126570976111056
28,2018,597897.0,Absent Percentage,6.664191323923687
28,2018,877910.0,Absent Percentage,5.9637092640475675
28,2018,717222.0,Absent Percentage,7.2464313699245135
28,2018,597131.0,Absent Percentage,7.581753417591784
28,2018,771469.0,Absent Percentage,9.034841322204782
28,2018,555454.0,Absent Percentage,7.719271082753927
28,2018,792196.0,Absent Percentage,7.712485294043393
28,2018,633864.0,Absent Percentage,7.237356909368571
28,2018,870901.0,Absent Percentage,8.089553232801432
28,2018,518396.0,Absent Percentage,13.382819311877405
28,2019,668421.0,Absent Percentage,6.361858768650297
28,2019,785947.0,Absent Percentage,6.067457474867898
28,2019,667375.0,Absent Percentage,6.812511706312044
28,2019,588539.0,Absent Percentage,7.816644266565173
28,2019,758131.0,Absent Percentage,8.541267933905882
28,2019,587499.0,Absent Percentage,7.557289459216101
28,2019,391159.0,Absent Percentage,10.22295281458435
28,2020,374876.0,Absent Percentage,11.210640318398617
28,2020,805672.0,Absent Percentage,8.408881033472678
28,2020,690559.0,Absent Percentage,8.343385576033329
28,2020,651044.0,Absent Percentage,8.171337113927784
28,2020,725887.0,Absent Percentage,7.6978923716776855
28,2020,517463.0,Absent Percentage,7.208244840693924
28,2020,761217.0,Absent Percentage,7.344554837845188
28,2020,759896.0,Absent Percentage,7.876867360796741
28,2020,721013.0,Absent Percentage,8.453523029404462
28,2020,660197.0,Absent Percentage,12.850255302583927
29,2018,379476.0,Absent Percentage,7.034173439163478
29,2018,556875.0,Absent Percentage,6.086464646464647
29,2018,455061.0,Absent Percentage,7.7719250825713475
29,2018,379115.0,Absent Percentage,8.315155032114266
29,2018,515136.0,Absent Percentage,9.19232979252081
29,2018,354607.0,Absent Percentage,7.633521052883897
29,2018,506783.0,Absent Percentage,7.806102414642954
29,2018,405372.0,Absent Percentage,7.543934953573508
29,2018,557850.0,Absent Percentage,8.250246482029219
29,2018,362512.0,Absent Percentage,14.942953612570067
29,2019,415734.0,Absent Percentage,6.036311680064657
29,2019,489860.0,Absent Percentage,5.975993140897399
29,2019,416427.0,Absent Percentage,7.544419550125232
29,2019,367790.0,Absent Percentage,8.71448380869518
29,2019,499887.0,Absent Percentage,9.201279489164552
29,2019,368613.0,Absent Percentage,8.131563455439716
29,2019,246204.0,Absent Percentage,11.046124352163247
29,2020,232392.0,Absent Percentage,16.691194189128712
29,2020,490682.0,Absent Percentage,12.237049657415596
29,2020,420766.0,Absent Percentage,12.290441718199665
29,2020,396961.0,Absent Percentage,11.04818861298717
29,2020,443606.0,Absent Percentage,10.15270307434976
29,2020,322114.0,Absent Percentage,9.507503554642145
29,2020,466883.0,Absent Percentage,9.16846404773787
29,2020,466551.0,Absent Percentage,9.762705470570205
29,2020,443292.0,Absent Percentage,10.052290589498568
29,2020,397112.0,Absent Percentage,13.04896351658978
30,2018,578945.0,Absent Percentage,5.752532623997098
30,2018,849721.0,Absent Percentage,4.8438252085096165
30,2018,693573.0,Absent Percentage,5.950923695126541
30,2018,576774.0,Absent Percentage,6.438397015122041
30,2018,759933.0,Absent Percentage,8.109925480272603
30,2018,536843.0,Absent Percentage,6.7608220652965585
30,2018,766387.0,Absent Percentage,6.300211250973725
30,2018,613067.0,Absent Percentage,5.959870617730199
30,2018,843269.0,Absent Percentage,6.588763490653634
30,2018,518691.0,Absent Percentage,10.87468261450459
30,2019,643266.0,Absent Percentage,5.327656055193342
30,2019,755779.0,Absent Percentage,4.884496658414695
30,2019,641799.0,Absent Percentage,5.84715775499806
30,2019,566034.0,Absent Percentage,7.041096471236711
30,2019,744840.0,Absent Percentage,7.780597175232265
30,2019,565043.0,Absent Percentage,6.650113354204901
30,2019,376517.0,Absent Percentage,9.485361882730395
30,2020,362843.0,Absent Percentage,12.202522854237232
30,2020,763159.0,Absent Percentage,10.266536855360417
30,2020,653198.0,Absent Percentage,8.510742531361087
30,2020,615745.0,Absent Percentage,6.94199709295244
30,2020,687164.0,Absent Percentage,6.576450454331136
30,2020,495027.0,Absent Percentage,6.087344730691457
30,2020,721360.0,Absent Percentage,6.514223134080072
30,2020,721017.0,Absent Percentage,7.10024867652219
30,2020,685324.0,Absent Percentage,7.89320088016763
30,2020,622875.0,Absent Percentage,11.91475015051174
31,2018,892420.0,Absent Percentage,5.3410950001120545
31,2018,1309510.0,Absent Percentage,5.616146497544883
31,2018,1071635.0,Absent Percentage,7.665109855501173
31,2018,892958.0,Absent Percentage,7.842810076173795
31,2018,1164356.0,Absent Percentage,8.863354506697265
31,2018,833193.0,Absent Percentage,8.155133324451839
31,2018,1190336.0,Absent Percentage,7.303148018710684
31,2018,951722.0,Absent Percentage,7.035667978674446
31,2018,1308229.0,Absent Percentage,7.925600181619578
31,2018,791342.0,Absent Percentage,11.847974706258482
31,2019,1016950.0,Absent Percentage,4.895225920645066
31,2019,1198228.0,Absent Percentage,5.319772196944155
31,2019,1018469.0,Absent Percentage,7.262273078512944
31,2019,898917.0,Absent Percentage,8.406449093742804
31,2019,1171814.0,Absent Percentage,8.55093043776572
31,2019,898494.0,Absent Percentage,7.85180535429285
31,2019,599190.0,Absent Percentage,13.25255761945293
31,2020,595511.0,Absent Percentage,13.470112222948021
31,2020,1250763.0,Absent Percentage,10.323138756103274
31,2020,1071136.0,Absent Percentage,11.049763988886566
31,2020,1010670.0,Absent Percentage,10.3748008746673
31,2020,1128149.0,Absent Percentage,10.12711973329764
31,2020,811452.0,Absent Percentage,10.261851594425794
31,2020,1183509.0,Absent Percentage,10.596539612288542
31,2020,1183493.0,Absent Percentage,11.648569108562533
31,2020,1124160.0,Absent Percentage,12.007365499573014
31,2020,1023598.0,Absent Percentage,15.013218079753965
32,2018,152531.0,Absent Percentage,7.670571883748221
32,2018,224309.0,Absent Percentage,7.050541886415614
32,2018,183704.0,Absent Percentage,8.586639376388103
32,2018,153191.0,Absent Percentage,8.972459217578056
32,2018,204337.0,Absent Percentage,10.829169460254384
32,2018,142800.0,Absent Percentage,8.67717086834734
32,2018,204266.0,Absent Percentage,8.892816229817981
32,2018,164038.0,Absent Percentage,8.429754081371389
32,2018,227695.0,Absent Percentage,9.175871231252334
32,2018,144332.0,Absent Percentage,13.728071390959732
32,2019,172930.0,Absent Percentage,7.0780084427224885
32,2019,205128.0,Absent Percentage,7.038044538044538
32,2019,174477.0,Absent Percentage,8.48249339454484
32,2019,153651.0,Absent Percentage,9.421350983722853
32,2019,203869.0,Absent Percentage,10.37872359211062
32,2019,153587.0,Absent Percentage,9.143351976404253
32,2019,102419.0,Absent Percentage,12.52209062771556
32,2020,97380.0,Absent Percentage,20.145820497021976
32,2020,205825.0,Absent Percentage,14.513785983238186
32,2020,176360.0,Absent Percentage,12.83397595826718
32,2020,166416.0,Absent Percentage,11.025983078550139
32,2020,185952.0,Absent Percentage,10.61134056100499
32,2020,133712.0,Absent Percentage,10.401459854014599
32,2020,195594.0,Absent Percentage,10.262584741863247
32,2020,196739.0,Absent Percentage,10.045796715445336
32,2020,189128.0,Absent Percentage,10.024956643120003
32,2020,172898.0,Absent Percentage,13.20431699614802
1,2018,164301.0,Present Percentage,92.91057266845607
1,2018,241101.0,Present Percentage,92.92537152479666
1,2018,198346.0,Present Percentage,91.25820535831325
1,2018,165486.0,Present Percentage,91.17810570078436
1,2018,220156.0,Present Percentage,88.58672941005469
1,2018,154396.0,Present Percentage,90.91362470530325
1,2018,220043.0,Present Percentage,91.12673432011016
1,2018,176503.0,Present Percentage,90.89817170246398
1,2018,242143.0,Present Percentage,90.52915013029491
1,2018,153499.0,Present Percentage,82.5445116906299
1,2019,185248.0,Present Percentage,93.32678355501814
1,2019,218918.0,Present Percentage,93.04123004960762
1,2019,186336.0,Present Percentage,91.31837111454577
1,2019,164462.0,Present Percentage,90.0092422565699
1,2019,218456.0,Present Percentage,88.41826271651956
1,2019,164722.0,Present Percentage,90.80936365512804
1,2019,110133.0,Present Percentage,85.17519726149291
1,2020,104656.0,Present Percentage,88.46602201498241
1,2020,220807.0,Present Percentage,90.04379390146146
1,2020,189522.0,Present Percentage,89.35004907082028
1,2020,178614.0,Present Percentage,89.53161566282598
1,2020,199081.0,Present Percentage,89.5635444869174
1,2020,142781.0,Present Percentage,90.54566083722624
1,2020,207535.0,Present Percentage,90.7422844339509
1,2020,207491.0,Present Percentage,89.97884245581737
1,2020,196988.0,Present Percentage,89.42372124190307
1,2020,180871.0,Present Percentage,82.18177596187338
2,2018,918755.0,Present Percentage,93.31421325598228
2,2018,1346336.0,Present Percentage,93.44205309818648
2,2018,1099309.0,Present Percentage,91.82959477271632
2,2018,913331.0,Present Percentage,90.99767773129346
2,2018,1117039.0,Present Percentage,89.83437462792257
2,2018,848633.0,Present Percentage,90.83820685738122
2,2018,1208031.0,Present Percentage,91.24078769501776
2,2018,965990.0,Present Percentage,91.34142175384838
2,2018,1325157.0,Present Percentage,90.65899361358692
2,2018,720591.0,Present Percentage,85.86979298936568
2,2019,1037785.0,Present Percentage,93.41356832099135
2,2019,1221016.0,Present Percentage,93.20623153177354
2,2019,1037760.0,Present Percentage,91.85216234967622
2,2019,914556.0,Present Percentage,90.67186700431685
2,2019,1119765.0,Present Percentage,89.74525904988994
2,2019,911809.0,Present Percentage,90.67644649263168
2,2019,607878.0,Present Percentage,85.47998118043422
2,2020,594232.0,Present Percentage,89.95611141776277
2,2020,1246469.0,Present Percentage,89.9817003070273
2,2020,1064884.0,Present Percentage,89.86218217195487
2,2020,1001772.0,Present Percentage,89.90239295967545
2,2020,1112904.0,Present Percentage,89.83506214372488
2,2020,782408.0,Present Percentage,90.77655136450548
2,2020,1164728.0,Present Percentage,89.9350749702935
2,2020,1159175.0,Present Percentage,88.93566545172213
2,2020,1100285.0,Present Percentage,88.06681905142759
2,2020,970410.0,Present Percentage,81.32521305427602
3,2018,327455.0,Present Percentage,94.2071429662091
3,2018,481742.0,Present Percentage,94.26747096993826
3,2018,394231.0,Present Percentage,92.44935076135565
3,2018,328266.0,Present Percentage,92.00678717869046
3,2018,419047.0,Present Percentage,90.74232723298341
3,2018,304828.0,Present Percentage,91.59690054719383
3,2018,435141.0,Present Percentage,92.18965806485714
3,2018,347578.0,Present Percentage,92.39307436028747
3,2018,477380.0,Present Percentage,91.81490636390296
3,2018,281592.0,Present Percentage,86.37993977101623
3,2019,368962.0,Present Percentage,94.35172185753547
3,2019,434168.0,Present Percentage,94.27249359694865
3,2019,369742.0,Present Percentage,92.42363594073706
3,2019,326402.0,Present Percentage,90.90753120385293
3,2019,415639.0,Present Percentage,90.27521478975746
3,2019,325835.0,Present Percentage,91.46469839028957
3,2019,217319.0,Present Percentage,86.44757246260106
3,2020,204095.0,Present Percentage,90.20113182586542
3,2020,426698.0,Present Percentage,91.75810526414466
3,2020,364563.0,Present Percentage,91.32303607332615
3,2020,343128.0,Present Percentage,91.03920402881724
3,2020,381749.0,Present Percentage,90.7931651425413
3,2020,271234.0,Present Percentage,90.20071230008038
3,2020,399516.0,Present Percentage,91.14929064167643
3,2020,399293.0,Present Percentage,90.32715324335764
3,2020,378978.0,Present Percentage,89.4867248230768
3,2020,337131.0,Present Percentage,82.252892792416
4,2018,188767.0,Present Percentage,93.71288413758761
4,2018,277052.0,Present Percentage,93.7733710639158
4,2018,226564.0,Present Percentage,91.9819565332533
4,2018,188788.0,Present Percentage,91.9052058393542
4,2018,249428.0,Present Percentage,88.40587263659252
4,2018,175929.0,Present Percentage,92.23493568428172
4,2018,251216.0,Present Percentage,92.14620087892492
4,2018,200800.0,Present Percentage,92.46264940239044
4,2018,275977.0,Present Percentage,91.61741739347843
4,2018,171826.0,Present Percentage,81.46147847240813
4,2019,207747.0,Present Percentage,93.94744569115319
4,2019,245501.0,Present Percentage,93.59554543566014
4,2019,208907.0,Present Percentage,92.03760525018309
4,2019,184616.0,Present Percentage,90.70936430211898
4,2019,242967.0,Present Percentage,89.12115637102981
4,2019,184979.0,Present Percentage,91.5563388276507
4,2019,123407.0,Present Percentage,86.87189543542911
4,2020,116373.0,Present Percentage,88.6743488609901
4,2020,245448.0,Present Percentage,89.71024412502851
4,2020,211041.0,Present Percentage,89.20636274467995
4,2020,199015.0,Present Percentage,89.45908599854282
4,2020,221912.0,Present Percentage,90.01946717617795
4,2020,159044.0,Present Percentage,90.53846734237067
4,2020,232666.0,Present Percentage,90.48464322247341
4,2020,232767.0,Present Percentage,90.23401083486921
4,2020,221096.0,Present Percentage,90.05364185693092
4,2020,200703.0,Present Percentage,84.81138797128095
5,2018,157647.0,Present Percentage,90.8104816457021
5,2018,231188.0,Present Percentage,91.6989636140284
5,2018,188453.0,Present Percentage,89.16971340334194
5,2018,156838.0,Present Percentage,89.57650569377319
5,2018,210963.0,Present Percentage,84.08393888975792
5,2018,146221.0,Present Percentage,89.78464105703011
5,2018,208830.0,Present Percentage,89.15673035483408
5,2018,167391.0,Present Percentage,89.8023191210997
5,2018,230338.0,Present Percentage,89.10557528501593
5,2018,151293.0,Present Percentage,72.45741706490055
5,2019,169786.0,Present Percentage,91.03106263178354
5,2019,200631.0,Present Percentage,91.41309169570006
5,2019,170927.0,Present Percentage,89.30011057351969
5,2019,151064.0,Present Percentage,87.98323889212519
5,2019,202221.0,Present Percentage,84.29490507909662
5,2019,151243.0,Present Percentage,88.76377749714037
5,2019,100818.0,Present Percentage,84.13576940625683
5,2020,90671.0,Present Percentage,79.33738461029436
5,2020,192991.0,Present Percentage,81.0167313501666
5,2020,165701.0,Present Percentage,83.6530859801691
5,2020,156679.0,Present Percentage,83.10558530498663
5,2020,174965.0,Present Percentage,83.61786643042895
5,2020,125015.0,Present Percentage,84.66983961924569
5,2020,184396.0,Present Percentage,85.4205080370507
5,2020,184172.0,Present Percentage,84.96079751536607
5,2020,175128.0,Present Percentage,83.52976108903202
5,2020,159790.0,Present Percentage,76.79516865886477
6,2018,309963.0,Present Percentage,92.13519032916831
6,2018,456210.0,Present Percentage,93.41421713684488
6,2018,373690.0,Present Percentage,91.85608391982659
6,2018,311292.0,Present Percentage,91.35666833712399
6,2018,414440.0,Present Percentage,88.17729948846636
6,2018,290120.0,Present Percentage,91.8616434578795
6,2018,414374.0,Present Percentage,91.94302731348975
6,2018,331190.0,Present Percentage,92.4946405386636
6,2018,455740.0,Present Percentage,91.81309518585158
6,2018,287726.0,Present Percentage,82.59489931393061
6,2019,341727.0,Present Percentage,92.64178715758486
6,2019,403118.0,Present Percentage,93.28633303399997
6,2019,342662.0,Present Percentage,92.38491574787983
6,2019,302309.0,Present Percentage,90.99729085141361
6,2019,401552.0,Present Percentage,88.37485556042554
6,2019,302310.0,Present Percentage,91.73365088816115
6,2019,201850.0,Present Percentage,86.83576913549665
6,2020,189830.0,Present Percentage,83.75862613917717
6,2020,401738.0,Present Percentage,87.14684695000224
6,2020,343757.0,Present Percentage,88.109914852643
6,2020,324069.0,Present Percentage,88.40833279332487
6,2020,361766.0,Present Percentage,88.59069122029157
6,2020,259979.0,Present Percentage,90.0118855753734
6,2020,378843.0,Present Percentage,90.0164448069517
6,2020,378567.0,Present Percentage,89.89690068072494
6,2020,359411.0,Present Percentage,90.05122269490917
6,2020,323253.0,Present Percentage,85.38172886253183
7,2018,269281.0,Present Percentage,89.66172882602189
7,2018,396825.0,Present Percentage,90.44515844515844
7,2018,323880.0,Present Percentage,88.29195998517969
7,2018,269170.0,Present Percentage,88.3248504662481
7,2018,352050.0,Present Percentage,84.86266155375657
7,2018,250118.0,Present Percentage,88.4194660120423
7,2018,356894.0,Present Percentage,88.2914815043122
7,2018,285460.0,Present Percentage,88.81104182722623
7,2018,392935.0,Present Percentage,87.76642447224096
7,2018,242714.0,Present Percentage,77.5814332918579
7,2019,293269.0,Present Percentage,90.6413565702478
7,2019,347800.0,Present Percentage,90.2607820586544
7,2019,296346.0,Present Percentage,88.6966586355139
7,2019,261096.0,Present Percentage,87.09976407145264
7,2019,340098.0,Present Percentage,85.11546671841646
7,2019,260513.0,Present Percentage,88.38829540176498
7,2019,173587.0,Present Percentage,82.15822613444556
7,2020,164002.0,Present Percentage,80.15694930549627
7,2020,346644.0,Present Percentage,83.24419288953509
7,2020,297889.0,Present Percentage,83.48881630405957
7,2020,280653.0,Present Percentage,83.40513017854788
7,2020,312803.0,Present Percentage,84.48032787409328
7,2020,222543.0,Present Percentage,85.95911801314801
7,2020,328066.0,Present Percentage,85.96166625008382
7,2020,327252.0,Present Percentage,85.85982667791183
7,2020,310527.0,Present Percentage,86.12230176441984
7,2020,284394.0,Present Percentage,80.7334191297988
8,2018,394596.0,Present Percentage,90.63219089904612
8,2018,580155.0,Present Percentage,91.57156277201783
8,2018,475194.0,Present Percentage,88.9331515128558
8,2018,395568.0,Present Percentage,89.5714516846661
8,2018,524956.0,Present Percentage,86.61030638758295
8,2018,368582.0,Present Percentage,89.14868333233854
8,2018,525551.0,Present Percentage,89.09525431404374
8,2018,420798.0,Present Percentage,89.92652056331066
8,2018,579280.0,Present Percentage,88.87066703493993
8,2018,362879.0,Present Percentage,80.1892641899917
8,2019,437144.0,Present Percentage,91.37995717658255
8,2019,514805.0,Present Percentage,91.13120501937627
8,2019,437584.0,Present Percentage,89.69934915353394
8,2019,386131.0,Present Percentage,88.3511036409923
8,2019,513781.0,Present Percentage,87.08399103898353
8,2019,385383.0,Present Percentage,89.70011650747438
8,2019,257267.0,Present Percentage,84.30968604601445
8,2020,240633.0,Present Percentage,81.28311578212465
8,2020,509879.0,Present Percentage,88.2115168500762
8,2020,437821.0,Present Percentage,89.54595599571515
8,2020,413189.0,Present Percentage,90.18899341463592
8,2020,461310.0,Present Percentage,90.25622683228198
8,2020,331673.0,Present Percentage,91.24318229099143
8,2020,482820.0,Present Percentage,91.15301768775113
8,2020,482268.0,Present Percentage,90.89199366327436
8,2020,458379.0,Present Percentage,90.70638052790376
8,2020,416740.0,Present Percentage,84.68541536689543
9,2018,483113.0,Present Percentage,90.27453204529789
9,2018,709784.0,Present Percentage,91.93726542159305
9,2018,579111.0,Present Percentage,89.54103790119683
9,2018,482269.0,Present Percentage,90.15860443030756
9,2018,647776.0,Present Percentage,85.7921565479425
9,2018,449275.0,Present Percentage,90.31061154081576
9,2018,640940.0,Present Percentage,90.37710238087809
9,2018,512735.0,Present Percentage,90.53994753625167
9,2018,703715.0,Present Percentage,89.75082242100851
9,2018,454638.0,Present Percentage,79.06246288255711
9,2019,523421.0,Present Percentage,91.39258837532311
9,2019,616565.0,Present Percentage,92.13043231451672
9,2019,524270.0,Present Percentage,90.95065519674976
9,2019,462457.0,Present Percentage,89.55989421719208
9,2019,620977.0,Present Percentage,87.05040605368637
9,2019,464156.0,Present Percentage,90.61565508148122
9,2019,309397.0,Present Percentage,86.07258635345528
9,2020,287849.0,Present Percentage,82.43836177996103
9,2020,608723.0,Present Percentage,85.90754743947575
9,2020,522040.0,Present Percentage,88.49685847827753
9,2020,492481.0,Present Percentage,89.03389166282557
9,2020,549594.0,Present Percentage,89.22277171875966
9,2020,394097.0,Present Percentage,90.24859362035235
9,2020,576420.0,Present Percentage,90.62506505672947
9,2020,576280.0,Present Percentage,90.26948705490386
9,2020,547909.0,Present Percentage,90.34675466181427
9,2020,497539.0,Present Percentage,85.365167353715
10,2018,773940.0,Present Percentage,92.04214797012689
10,2018,1135015.0,Present Percentage,93.35700409245693
10,2018,927627.0,Present Percentage,91.27634275414579
10,2018,771339.0,Present Percentage,91.55157459949517
10,2018,1017406.0,Present Percentage,88.19733714957451
10,2018,719768.0,Present Percentage,91.69607429060474
10,2018,1028362.0,Present Percentage,91.69980998908945
10,2018,821840.0,Present Percentage,91.92616567701742
10,2018,1130222.0,Present Percentage,91.26092042094385
10,2018,701385.0,Present Percentage,82.6376383869059
10,2019,854236.0,Present Percentage,93.19871791870162
10,2019,1007091.0,Present Percentage,93.46464222200377
10,2019,855617.0,Present Percentage,92.21824718302697
10,2019,753720.0,Present Percentage,91.00620920235632
10,2019,991958.0,Present Percentage,88.90084055978177
10,2019,753133.0,Present Percentage,92.07311324825761
10,2019,501907.0,Present Percentage,87.52597592781133
10,2020,477858.0,Present Percentage,82.38346956627282
10,2020,1010555.0,Present Percentage,87.66717298910005
10,2020,866445.0,Present Percentage,88.7538158798308
10,2020,816551.0,Present Percentage,89.7093996578291
10,2020,911361.0,Present Percentage,89.66907734695691
10,2020,654064.0,Present Percentage,90.3570598595856
10,2020,957556.0,Present Percentage,91.01587792254448
10,2020,956700.0,Present Percentage,90.70136929026863
10,2020,908369.0,Present Percentage,90.23062213703902
10,2020,826089.0,Present Percentage,85.43014130438729
11,2018,554895.0,Present Percentage,92.74871822597068
11,2018,813898.0,Present Percentage,93.25136565024118
11,2018,664619.0,Present Percentage,91.15779115553421
11,2018,553869.0,Present Percentage,91.84301703110303
11,2018,735310.0,Present Percentage,89.88603446165563
11,2018,517675.0,Present Percentage,91.66697252136959
11,2018,737546.0,Present Percentage,91.49585246208372
11,2018,591073.0,Present Percentage,92.16441962329526
11,2018,809318.0,Present Percentage,91.00786093970478
11,2018,504608.0,Present Percentage,84.17365559008181
11,2019,612813.0,Present Percentage,93.31721095995026
11,2019,719951.0,Present Percentage,93.4578881062739
11,2019,610936.0,Present Percentage,92.16120837534537
11,2019,539708.0,Present Percentage,90.83152371282249
11,2019,719131.0,Present Percentage,89.99778899811022
11,2019,540331.0,Present Percentage,91.5683164578749
11,2019,360262.0,Present Percentage,86.04154754040115
11,2020,339246.0,Present Percentage,83.64402233187717
11,2020,717198.0,Present Percentage,88.1957283762643
11,2020,614516.0,Present Percentage,89.84680626704593
11,2020,579412.0,Present Percentage,90.72214589963619
11,2020,647275.0,Present Percentage,91.27310648487892
11,2020,467457.0,Present Percentage,91.67495619917982
11,2020,678938.0,Present Percentage,91.76861510182079
11,2020,678295.0,Present Percentage,91.38265798804355
11,2020,644332.0,Present Percentage,90.62098421310752
11,2020,580026.0,Present Percentage,85.05446307579315
12,2018,315374.0,Present Percentage,89.8545853494581
12,2018,464610.0,Present Percentage,91.05034329868062
12,2018,379319.0,Present Percentage,88.74245687666581
12,2018,315709.0,Present Percentage,89.41905362216471
12,2018,419754.0,Present Percentage,86.13378312058968
12,2018,295257.0,Present Percentage,89.32895748449656
12,2018,419952.0,Present Percentage,89.48260753609937
12,2018,336368.0,Present Percentage,90.09596632259907
12,2018,462551.0,Present Percentage,89.08077163383065
12,2018,295064.0,Present Percentage,79.97451400374156
12,2019,340142.0,Present Percentage,91.74050837591359
12,2019,402136.0,Present Percentage,91.73712375912628
12,2019,341953.0,Present Percentage,90.57852979795469
12,2019,301497.0,Present Percentage,89.1627445712561
12,2019,404027.0,Present Percentage,87.1011095793103
12,2019,301524.0,Present Percentage,90.08370809620462
12,2019,201147.0,Present Percentage,85.41216125520143
12,2020,183877.0,Present Percentage,80.86818906116588
12,2020,389128.0,Present Percentage,86.32429431960692
12,2020,334867.0,Present Percentage,87.05366608235508
12,2020,316078.0,Present Percentage,88.69203171369092
12,2020,352986.0,Present Percentage,89.37408282481458
12,2020,253441.0,Present Percentage,89.74593692417565
12,2020,370275.0,Present Percentage,90.44142866788198
12,2020,370547.0,Present Percentage,89.74866885982074
12,2020,352574.0,Present Percentage,89.7882430355046
12,2020,320328.0,Present Percentage,85.86729851901801
13,2018,314730.0,Present Percentage,93.12807803514124
13,2018,460412.0,Present Percentage,93.50103820056819
13,2018,375581.0,Present Percentage,91.8113536094744
13,2018,312618.0,Present Percentage,91.84499932825365
13,2018,381410.0,Present Percentage,89.72863847303427
13,2018,290281.0,Present Percentage,91.084156386398
13,2018,414125.0,Present Percentage,89.94965288258376
13,2018,330911.0,Present Percentage,91.47927992723119
13,2018,448378.0,Present Percentage,90.71296986025185
13,2018,246183.0,Present Percentage,83.496017190464
13,2019,352994.0,Present Percentage,94.07270378533347
13,2019,414005.0,Present Percentage,94.0640813516745
13,2019,351954.0,Present Percentage,92.39787017621622
13,2019,309821.0,Present Percentage,90.52549698051455
13,2019,378010.0,Present Percentage,90.37644506759081
13,2019,308693.0,Present Percentage,91.80609861577685
13,2019,205833.0,Present Percentage,86.53082839000548
13,2020,202725.0,Present Percentage,88.55937846836848
13,2020,422563.0,Present Percentage,91.25716165400189
13,2020,361336.0,Present Percentage,91.27238913365953
13,2020,340421.0,Present Percentage,91.18797018985315
13,2020,379675.0,Present Percentage,90.77921906894055
13,2020,266140.0,Present Percentage,90.54971067859022
13,2020,396758.0,Present Percentage,89.30456348706264
13,2020,396594.0,Present Percentage,89.19776900306107
13,2020,376678.0,Present Percentage,90.0357865338565
13,2020,346581.0,Present Percentage,89.78882281486868
14,2018,266328.0,Present Percentage,92.31248685831005
14,2018,389854.0,Present Percentage,92.60594991971354
14,2018,318165.0,Present Percentage,90.83368692345168
14,2018,264605.0,Present Percentage,90.52776780484118
14,2018,344991.0,Present Percentage,87.35967025226745
14,2018,246389.0,Present Percentage,90.2296774612503
14,2018,351476.0,Present Percentage,90.36690983168126
14,2018,280802.0,Present Percentage,90.6496392475837
14,2018,385406.0,Present Percentage,89.55828399142722
14,2018,235270.0,Present Percentage,83.22905597823777
14,2019,296850.0,Present Percentage,92.75324237830554
14,2019,348489.0,Present Percentage,92.42042073063999
14,2019,295555.0,Present Percentage,90.51377916123903
14,2019,260235.0,Present Percentage,89.94716314100717
14,2019,337843.0,Present Percentage,88.43723267908466
14,2019,259326.0,Present Percentage,90.23352845453213
14,2019,172946.0,Present Percentage,85.24221433279752
14,2020,168095.0,Present Percentage,85.73544721734734
14,2020,350560.0,Present Percentage,89.1673322683706
14,2020,298795.0,Present Percentage,89.33951371341556
14,2020,281996.0,Present Percentage,89.62644860210783
14,2020,312006.0,Present Percentage,89.12392710396595
14,2020,222515.0,Present Percentage,90.40559063433926
14,2020,326447.0,Present Percentage,90.3310491442715
14,2020,326616.0,Present Percentage,89.77361794890636
14,2020,307890.0,Present Percentage,89.59076293481438
14,2020,280862.0,Present Percentage,83.00588901310965
15,2018,473410.0,Present Percentage,94.6403751505038
15,2018,692853.0,Present Percentage,94.82054634965858
15,2018,565380.0,Present Percentage,93.27408114896176
15,2018,470522.0,Present Percentage,92.69109627180026
15,2018,631724.0,Present Percentage,90.98055479924777
15,2018,437285.0,Present Percentage,92.36104599974844
15,2018,624267.0,Present Percentage,92.94068083047799
15,2018,497816.0,Present Percentage,92.99118549825639
15,2018,685501.0,Present Percentage,92.85559029089673
15,2018,436920.0,Present Percentage,87.88313650096129
15,2019,529384.0,Present Percentage,94.5310020703308
15,2019,621769.0,Present Percentage,94.60812616904349
15,2019,527487.0,Present Percentage,93.08930836210182
15,2019,464683.0,Present Percentage,92.12344759760956
15,2019,621642.0,Present Percentage,91.03310265393908
15,2019,462719.0,Present Percentage,92.28711161633734
15,2019,308498.0,Present Percentage,88.15681138937693
15,2020,299408.0,Present Percentage,90.26412119916635
15,2020,628483.0,Present Percentage,92.14648606247106
15,2020,538218.0,Present Percentage,92.0621383900204
15,2020,508080.0,Present Percentage,92.00342465753425
15,2020,566027.0,Present Percentage,91.38662996641503
15,2020,409260.0,Present Percentage,91.92762547036114
15,2020,593993.0,Present Percentage,91.26403846509976
15,2020,592734.0,Present Percentage,90.99073108679441
15,2020,562348.0,Present Percentage,90.68583866218071
15,2020,506194.0,Present Percentage,84.39629865229537
16,2018,90476.0,Present Percentage,88.16260665811927
16,2018,133432.0,Present Percentage,88.80403501408958
16,2018,109531.0,Present Percentage,85.70541673133634
16,2018,91522.0,Present Percentage,86.60212844999016
16,2018,119935.0,Present Percentage,84.89098261558344
16,2018,85124.0,Present Percentage,86.41628682862648
16,2018,121350.0,Present Percentage,86.39390193654718
16,2018,97204.0,Present Percentage,86.35241348092671
16,2018,133549.0,Present Percentage,85.1672419860875
16,2018,81536.0,Present Percentage,78.58491954474097
16,2019,101950.0,Present Percentage,88.90240313879353
16,2019,120663.0,Present Percentage,88.40075250905414
16,2019,102620.0,Present Percentage,85.58565581757942
16,2019,90270.0,Present Percentage,84.28159964550792
16,2019,117717.0,Present Percentage,85.36914804148934
16,2019,89779.0,Present Percentage,85.76504527784894
16,2019,59720.0,Present Percentage,81.51373074346952
16,2020,56763.0,Present Percentage,82.95192290752779
16,2020,121342.0,Present Percentage,85.93644410014669
16,2020,104333.0,Present Percentage,87.63766018421784
16,2020,98538.0,Present Percentage,88.0005683086728
16,2020,109970.0,Present Percentage,87.92852596162591
16,2020,79259.0,Present Percentage,87.22037875824827
16,2020,114452.0,Present Percentage,87.11599622549191
16,2020,114299.0,Present Percentage,88.418971294587
16,2020,108856.0,Present Percentage,88.27717351363269
16,2020,97891.0,Present Percentage,84.96184531775137
17,2018,306308.0,Present Percentage,91.17587526280737
17,2018,448766.0,Present Percentage,92.48472477861513
17,2018,367163.0,Present Percentage,90.6548317777118
17,2018,305865.0,Present Percentage,90.36633809033397
17,2018,399481.0,Present Percentage,86.91126736941182
17,2018,285717.0,Present Percentage,90.76533772929157
17,2018,408564.0,Present Percentage,90.99112990865568
17,2018,326597.0,Present Percentage,91.05105068325796
17,2018,448792.0,Present Percentage,89.84273338205672
17,2018,275860.0,Present Percentage,79.86079895599218
17,2019,338060.0,Present Percentage,92.70691593208306
17,2019,397170.0,Present Percentage,92.69859254223633
17,2019,337340.0,Present Percentage,91.06835833283927
17,2019,297161.0,Present Percentage,89.9704200753127
17,2019,386378.0,Present Percentage,87.69365750637976
17,2019,297648.0,Present Percentage,90.53210503682202
17,2019,198216.0,Present Percentage,85.95875206845058
17,2020,189152.0,Present Percentage,84.31314498392827
17,2020,398487.0,Present Percentage,86.34710793576704
17,2020,342082.0,Present Percentage,86.67863260855584
17,2020,322469.0,Present Percentage,86.72771646266773
17,2020,359787.0,Present Percentage,87.2038178144291
17,2020,256190.0,Present Percentage,87.60373160544907
17,2020,377889.0,Present Percentage,88.13037690962162
17,2020,377819.0,Present Percentage,87.4177847064335
17,2020,358941.0,Present Percentage,86.69920683343501
17,2020,326905.0,Present Percentage,81.3887826738655
18,2018,210033.0,Present Percentage,91.25804040317473
18,2018,308637.0,Present Percentage,92.41892579308379
18,2018,251696.0,Present Percentage,90.32920666200496
18,2018,209437.0,Present Percentage,90.35413990842115
18,2018,273480.0,Present Percentage,88.47593973965189
18,2018,194872.0,Present Percentage,90.55790467588982
18,2018,278518.0,Present Percentage,90.50546104740089
18,2018,223025.0,Present Percentage,90.77143817957628
18,2018,306496.0,Present Percentage,89.54537742743788
18,2018,185811.0,Present Percentage,81.83100031752694
18,2019,220629.0,Present Percentage,92.00694378345548
18,2019,260157.0,Present Percentage,92.09861737335532
18,2019,221237.0,Present Percentage,90.23807048549746
18,2019,195247.0,Present Percentage,88.80136442557375
18,2019,256127.0,Present Percentage,89.18583359036728
18,2019,195921.0,Present Percentage,90.1506219343511
18,2019,130547.0,Present Percentage,85.83881667139039
18,2020,117854.0,Present Percentage,79.53739372443872
18,2020,248350.0,Present Percentage,84.28548419569157
18,2020,212930.0,Present Percentage,84.05156624242709
18,2020,201044.0,Present Percentage,84.84063190147431
18,2020,224720.0,Present Percentage,85.76673193307226
18,2020,160651.0,Present Percentage,86.81365195361373
18,2020,233517.0,Present Percentage,87.08273915817692
18,2020,233044.0,Present Percentage,87.24103602753128
18,2020,221566.0,Present Percentage,87.31393805908849
18,2020,198574.0,Present Percentage,82.54403899805614
19,2018,309296.0,Present Percentage,90.0706766333868
19,2018,454651.0,Present Percentage,91.60652896397457
19,2018,371760.0,Present Percentage,89.74634172584463
19,2018,309906.0,Present Percentage,89.87563971010565
19,2018,413137.0,Present Percentage,86.12760416036326
19,2018,288993.0,Present Percentage,89.37794341039402
19,2018,412602.0,Present Percentage,89.59820844300317
19,2018,329653.0,Present Percentage,90.0401331096638
19,2018,453176.0,Present Percentage,89.18102459088743
19,2018,286123.0,Present Percentage,79.77058817361764
19,2019,348131.0,Present Percentage,90.80604714891808
19,2019,409627.0,Present Percentage,91.35237667438913
19,2019,348304.0,Present Percentage,89.79626992512289
19,2019,307119.0,Present Percentage,88.42858956951541
19,2019,406209.0,Present Percentage,87.08989707268918
19,2019,305963.0,Present Percentage,89.70561799956204
19,2019,203979.0,Present Percentage,85.41369454698768
19,2020,192919.0,Present Percentage,78.77710334389045
19,2020,407545.0,Present Percentage,85.92989731195328
19,2020,348980.0,Present Percentage,88.0592011003496
19,2020,329114.0,Present Percentage,89.4595793554817
19,2020,367293.0,Present Percentage,89.54213665928836
19,2020,263018.0,Present Percentage,89.94479465283744
19,2020,384025.0,Present Percentage,90.3542738102988
19,2020,384210.0,Present Percentage,89.88443819786055
19,2020,365036.0,Present Percentage,90.0253673610274
19,2020,331371.0,Present Percentage,85.05059284004936
20,2018,746069.0,Present Percentage,94.7915005180486
20,2018,1094135.0,Present Percentage,95.3036873877538
20,2018,894712.0,Present Percentage,94.92261196899115
20,2018,745009.0,Present Percentage,94.31013585070784
20,2018,981010.0,Present Percentage,93.37723366734284
20,2018,694760.0,Present Percentage,93.98454142437677
20,2018,989052.0,Present Percentage,94.13296773071588
20,2018,794764.0,Present Percentage,94.69502896457314
20,2018,1093308.0,Present Percentage,94.13157134128718
20,2018,668628.0,Present Percentage,91.15427412552272
20,2019,846544.0,Present Percentage,94.67907161352511
20,2019,995967.0,Present Percentage,95.1349793718065
20,2019,846154.0,Present Percentage,94.93921910196016
20,2019,746220.0,Present Percentage,93.78856101417813
20,2019,999942.0,Present Percentage,91.30379562014596
20,2019,745723.0,Present Percentage,93.89760004720252
20,2019,497365.0,Present Percentage,87.89400138731112
20,2020,495293.0,Present Percentage,87.18092119210246
20,2020,1042822.0,Present Percentage,91.52242664615822
20,2020,893593.0,Present Percentage,92.27925912579889
20,2020,843005.0,Present Percentage,93.02364754657447
20,2020,940836.0,Present Percentage,93.10496196999264
20,2020,678011.0,Present Percentage,93.74346433907415
20,2020,986622.0,Present Percentage,92.76673335887503
20,2020,986368.0,Present Percentage,92.35701077082793
20,2020,937457.0,Present Percentage,91.73775437166718
20,2020,848201.0,Present Percentage,86.01557885454038
21,2018,520425.0,Present Percentage,92.97497237834462
21,2018,763261.0,Present Percentage,93.88623288757057
21,2018,623527.0,Present Percentage,92.660782933217
21,2018,519027.0,Present Percentage,92.38478923061805
21,2018,675576.0,Present Percentage,90.07824434260542
21,2018,483468.0,Present Percentage,91.54339066908254
21,2018,688543.0,Present Percentage,91.4621163819834
21,2018,552079.0,Present Percentage,92.43133681954939
21,2018,758499.0,Present Percentage,91.68093827414407
21,2018,456678.0,Present Percentage,85.30408734381774
21,2019,588760.0,Present Percentage,93.91925402540934
21,2019,693591.0,Present Percentage,94.16183312643906
21,2019,589941.0,Present Percentage,92.97234808226585
21,2019,520195.0,Present Percentage,91.81172444948528
21,2019,676023.0,Present Percentage,90.54425663032175
21,2019,518835.0,Present Percentage,92.00786377171933
21,2019,345759.0,Present Percentage,86.3775057193016
21,2020,339454.0,Present Percentage,83.51205170656407
21,2020,717181.0,Present Percentage,88.85734563520226
21,2020,614036.0,Present Percentage,88.99689920460689
21,2020,578960.0,Present Percentage,89.06712035373774
21,2020,645699.0,Present Percentage,88.41875239081986
21,2020,462216.0,Present Percentage,90.0929435588556
21,2020,675910.0,Present Percentage,89.37757985530618
21,2020,674969.0,Present Percentage,89.33062111000653
21,2020,641327.0,Present Percentage,88.81366292078768
21,2020,580808.0,Present Percentage,81.58100439387887
22,2018,504442.0,Present Percentage,94.25741710642652
22,2018,740116.0,Present Percentage,95.2529063011744
22,2018,605320.0,Present Percentage,93.85795942641909
22,2018,504115.0,Present Percentage,93.72365432490602
22,2018,656043.0,Present Percentage,91.62570136408742
22,2018,469551.0,Present Percentage,93.09766138289558
22,2018,669045.0,Present Percentage,93.10240716244796
22,2018,535452.0,Present Percentage,93.80579398340095
22,2018,735714.0,Present Percentage,93.49190038520403
22,2018,440359.0,Present Percentage,88.0293124473441
22,2019,558061.0,Present Percentage,94.56833571957188
22,2019,657185.0,Present Percentage,95.37725298051538
22,2019,558856.0,Present Percentage,94.1920637874515
22,2019,492348.0,Present Percentage,92.92837586422613
22,2019,638231.0,Present Percentage,92.22005825476982
22,2019,491598.0,Present Percentage,93.46600270953095
22,2019,327746.0,Present Percentage,88.70131138137461
22,2020,318212.0,Present Percentage,88.37347428758187
22,2020,667211.0,Present Percentage,90.53028202472682
22,2020,570497.0,Present Percentage,91.62099011914174
22,2020,537985.0,Present Percentage,91.62132773218585
22,2020,600279.0,Present Percentage,91.51927686958898
22,2020,431031.0,Present Percentage,92.21842512487501
22,2020,629063.0,Present Percentage,92.25864500058023
22,2020,628631.0,Present Percentage,91.58679734216099
22,2020,597237.0,Present Percentage,90.73533622330834
22,2020,538303.0,Present Percentage,83.68298151784404
23,2018,128432.0,Present Percentage,88.94667995515137
23,2018,190314.0,Present Percentage,90.29078260138508
23,2018,156613.0,Present Percentage,87.54701078454534
23,2018,130407.0,Present Percentage,87.55128175634744
23,2018,178358.0,Present Percentage,84.98861839670775
23,2018,121343.0,Present Percentage,87.67213601114196
23,2018,173564.0,Present Percentage,87.76013459012238
23,2018,139332.0,Present Percentage,88.37740074067695
23,2018,191929.0,Present Percentage,86.6627763391671
23,2018,127581.0,Present Percentage,79.81204097788856
23,2019,141494.0,Present Percentage,90.15081911600493
23,2019,168146.0,Present Percentage,89.58643083986534
23,2019,143008.0,Present Percentage,87.83494629671067
23,2019,126241.0,Present Percentage,86.39348547619237
23,2019,171483.0,Present Percentage,84.7250164739362
23,2019,126217.0,Present Percentage,88.37002939382175
23,2019,84185.0,Present Percentage,83.52200510779831
23,2020,76428.0,Present Percentage,79.64620296226514
23,2020,161924.0,Present Percentage,85.41414490748747
23,2020,139746.0,Present Percentage,86.8969415940349
23,2020,132224.0,Present Percentage,85.8815343659245
23,2020,147899.0,Present Percentage,86.27374086369753
23,2020,106823.0,Present Percentage,86.62647557174017
23,2020,154356.0,Present Percentage,88.65674155847522
23,2020,153892.0,Present Percentage,89.12289137836925
23,2020,146141.0,Present Percentage,89.84200190227246
23,2020,132245.0,Present Percentage,87.40821959242315
24,2018,841686.0,Present Percentage,94.6251927678493
24,2018,1233456.0,Present Percentage,95.12945739450778
24,2018,1007933.0,Present Percentage,94.39387340229956
24,2018,838787.0,Present Percentage,93.87389170313799
24,2018,1109338.0,Present Percentage,92.22121661747818
24,2018,781801.0,Present Percentage,94.01394984145581
24,2018,1116766.0,Present Percentage,94.19735199674774
24,2018,892996.0,Present Percentage,94.67713181246053
24,2018,1229486.0,Present Percentage,94.02465745848265
24,2018,759454.0,Present Percentage,90.27459200952264
24,2019,934764.0,Present Percentage,95.2678964958
24,2019,1100184.0,Present Percentage,95.38559004675582
24,2019,934198.0,Present Percentage,94.53402811823618
24,2019,823675.0,Present Percentage,93.36837951862081
24,2019,1086765.0,Present Percentage,92.33247298173937
24,2019,822319.0,Present Percentage,93.68116266315141
24,2019,547988.0,Present Percentage,90.94688204851201
24,2020,532475.0,Present Percentage,84.98934222263956
24,2020,1115183.0,Present Percentage,91.27739572787605
24,2020,954454.0,Present Percentage,91.7329698445394
24,2020,900261.0,Present Percentage,92.59692466962358
24,2020,1004624.0,Present Percentage,92.9273041456306
24,2020,725663.0,Present Percentage,93.74778650695984
24,2020,1054938.0,Present Percentage,93.49374086439202
24,2020,1055258.0,Present Percentage,92.95006529208972
24,2020,1003956.0,Present Percentage,92.2188821024029
24,2020,905854.0,Present Percentage,88.34182991961177
25,2018,550848.0,Present Percentage,94.21546415708144
25,2018,807524.0,Present Percentage,94.78715183697327
25,2018,659851.0,Present Percentage,93.6378061107735
25,2018,549439.0,Present Percentage,93.12498748723698
25,2018,724649.0,Present Percentage,92.07768174661112
25,2018,512286.0,Present Percentage,92.9652576880883
25,2018,732764.0,Present Percentage,92.78130475842154
25,2018,586204.0,Present Percentage,93.51727385005903
25,2018,805168.0,Present Percentage,93.04952506806033
25,2018,496619.0,Present Percentage,89.05740618059316
25,2019,623196.0,Present Percentage,94.62432364777695
25,2019,733460.0,Present Percentage,94.9345567583781
25,2019,623393.0,Present Percentage,93.87047977760417
25,2019,549786.0,Present Percentage,92.94962039775476
25,2019,723157.0,Present Percentage,92.01141660801181
25,2019,548110.0,Present Percentage,92.64125814161392
25,2019,365471.0,Present Percentage,88.49238380062987
25,2020,357126.0,Present Percentage,89.6325106545029
25,2020,749681.0,Present Percentage,92.73357601433143
25,2020,642280.0,Present Percentage,93.03232235162234
25,2020,606020.0,Present Percentage,93.36078017227155
25,2020,676763.0,Present Percentage,93.64607698706932
25,2020,486627.0,Present Percentage,94.11910970825704
25,2020,708713.0,Present Percentage,93.65215538588963
25,2020,708179.0,Present Percentage,93.27429929438743
25,2020,672628.0,Present Percentage,92.46805069072354
25,2020,611380.0,Present Percentage,89.93113938957768
26,2018,475691.0,Present Percentage,95.40500030481972
26,2018,696309.0,Present Percentage,95.8159380390028
26,2018,568911.0,Present Percentage,93.99642474833497
26,2018,474001.0,Present Percentage,94.32068708715803
26,2018,606500.0,Present Percentage,93.93932399010717
26,2018,438820.0,Present Percentage,94.01166765416343
26,2018,626459.0,Present Percentage,93.33316306414306
26,2018,500643.0,Present Percentage,94.36364834822419
26,2018,688373.0,Present Percentage,94.12832868226964
26,2018,390196.0,Present Percentage,90.45402823196548
26,2019,537323.0,Present Percentage,95.61083370709983
26,2019,630314.0,Present Percentage,96.0440351951567
26,2019,534593.0,Present Percentage,95.03921674993873
26,2019,471159.0,Present Percentage,94.30850307433371
26,2019,602551.0,Present Percentage,93.7291615149589
26,2019,467912.0,Present Percentage,94.18181196464292
26,2019,311971.0,Present Percentage,89.98047895477464
26,2020,307907.0,Present Percentage,93.15799900619342
26,2020,645080.0,Present Percentage,94.80607056489117
26,2020,551354.0,Present Percentage,95.60590836377355
26,2020,519625.0,Present Percentage,95.10108251142651
26,2020,579560.0,Present Percentage,94.33415004486162
26,2020,410198.0,Present Percentage,95.24424789979473
26,2020,604034.0,Present Percentage,94.98438829602307
26,2020,603907.0,Present Percentage,94.63576345364434
26,2020,573245.0,Present Percentage,93.88463920313303
26,2020,520512.0,Present Percentage,88.05349348333948
27,2018,641690.0,Present Percentage,92.96342470663404
27,2018,943470.0,Present Percentage,93.50673577326253
27,2018,772571.0,Present Percentage,92.10545050228393
27,2018,643356.0,Present Percentage,91.66899819073731
27,2018,859314.0,Present Percentage,89.20208445341284
27,2018,600746.0,Present Percentage,91.4814247618794
27,2018,858015.0,Present Percentage,91.42008006853027
27,2018,685827.0,Present Percentage,92.23477640862782
27,2018,943613.0,Present Percentage,91.48740002522221
27,2018,596328.0,Present Percentage,84.27073690988853
27,2019,727433.0,Present Percentage,93.6117828033647
27,2019,857491.0,Present Percentage,93.32820985876236
27,2019,729139.0,Present Percentage,92.0546013860183
27,2019,642587.0,Present Percentage,90.4948279376956
27,2019,856863.0,Present Percentage,89.1424883557815
27,2019,641755.0,Present Percentage,91.42118098028064
27,2019,427459.0,Present Percentage,86.5252573931067
27,2020,413393.0,Present Percentage,84.3328261484834
27,2020,874364.0,Present Percentage,88.59033537519842
27,2020,751327.0,Present Percentage,89.77529091860136
27,2020,709272.0,Present Percentage,90.13086657868914
27,2020,792042.0,Present Percentage,90.54115817090508
27,2020,568649.0,Present Percentage,90.89227273766419
27,2020,827609.0,Present Percentage,90.97532772118234
27,2020,826683.0,Present Percentage,90.64502354590574
27,2020,785501.0,Present Percentage,90.36334772330015
27,2020,712296.0,Present Percentage,84.08568909554455
28,2018,597897.0,Present Percentage,93.32627526145808
28,2018,877910.0,Present Percentage,94.01362326434372
28,2018,717222.0,Present Percentage,92.73892881144192
28,2018,597131.0,Present Percentage,92.40551905695736
28,2018,771469.0,Present Percentage,89.78273916385493
28,2018,555454.0,Present Percentage,92.12608064754238
28,2018,792196.0,Present Percentage,91.96246888396306
28,2018,633864.0,Present Percentage,92.72414902881376
28,2018,870901.0,Present Percentage,91.89184534177822
28,2018,518396.0,Present Percentage,83.28517195348729
28,2019,668421.0,Present Percentage,93.59744831475972
28,2019,785947.0,Present Percentage,93.92618077300378
28,2019,667375.0,Present Percentage,93.12890054317288
28,2019,588539.0,Present Percentage,92.1697627514914
28,2019,758131.0,Present Percentage,90.54807150743078
28,2019,587499.0,Present Percentage,92.41054027326004
28,2019,391159.0,Present Percentage,88.10151370670239
28,2020,374876.0,Present Percentage,88.76535174297634
28,2020,805672.0,Present Percentage,91.59111896652732
28,2020,690559.0,Present Percentage,91.65661442396667
28,2020,651044.0,Present Percentage,91.82835568717321
28,2020,725887.0,Present Percentage,92.30196986583312
28,2020,517463.0,Present Percentage,92.7892429023911
28,2020,761217.0,Present Percentage,92.65413147630703
28,2020,759896.0,Present Percentage,92.12142187878342
28,2020,721013.0,Present Percentage,91.54259354547006
28,2020,660197.0,Present Percentage,85.97782177138036
29,2018,379476.0,Present Percentage,92.95739387998186
29,2018,556875.0,Present Percentage,93.89881032547699
29,2018,455061.0,Present Percentage,92.21401086887252
29,2018,379115.0,Present Percentage,91.67007372433167
29,2018,515136.0,Present Percentage,89.82326997142502
29,2018,354607.0,Present Percentage,92.20009757280594
29,2018,506783.0,Present Percentage,92.05143029659637
29,2018,405372.0,Present Percentage,92.43484996497044
29,2018,557850.0,Present Percentage,91.72716680111141
29,2018,362512.0,Present Percentage,83.14952332612438
29,2019,415734.0,Present Percentage,93.9348237093911
29,2019,489860.0,Present Percentage,94.0070632425591
29,2019,416427.0,Present Percentage,92.40515144311007
29,2019,367790.0,Present Percentage,91.26675548546726
29,2019,499887.0,Present Percentage,89.9253231230258
29,2019,368613.0,Present Percentage,91.80793949209604
29,2019,246204.0,Present Percentage,88.37508732595734
29,2020,232392.0,Present Percentage,83.30579365898998
29,2020,490682.0,Present Percentage,87.75602121129367
29,2020,420766.0,Present Percentage,87.70694400212945
29,2020,396961.0,Present Percentage,88.9510556452649
29,2020,443606.0,Present Percentage,89.84346469614928
29,2020,322114.0,Present Percentage,90.49156509807086
29,2020,466883.0,Present Percentage,90.83025083372065
29,2020,466551.0,Present Percentage,90.23708019059009
29,2020,443292.0,Present Percentage,89.94116744719057
29,2020,397112.0,Present Percentage,86.94725921150707
30,2018,578945.0,Present Percentage,94.20152173349801
30,2018,849721.0,Present Percentage,95.14570076531002
30,2018,693573.0,Present Percentage,94.02297955658597
30,2018,576774.0,Present Percentage,93.54513206212486
30,2018,759933.0,Present Percentage,91.6112341482736
30,2018,536843.0,Present Percentage,93.05811941293824
30,2018,766387.0,Present Percentage,93.66247078825711
30,2018,613067.0,Present Percentage,94.00734340618561
30,2018,843269.0,Present Percentage,93.38787504343216
30,2018,518691.0,Present Percentage,88.21379202646662
30,2019,643266.0,Present Percentage,94.65664281961116
30,2019,755779.0,Present Percentage,95.06363632755078
30,2019,641799.0,Present Percentage,93.93236823366817
30,2019,566034.0,Present Percentage,92.7755223184473
30,2019,744840.0,Present Percentage,91.91383384351002
30,2019,565043.0,Present Percentage,93.19857072824546
30,2019,376517.0,Present Percentage,89.87429518454678
30,2020,362843.0,Present Percentage,87.79747714576277
30,2020,763159.0,Present Percentage,89.73267693888167
30,2020,653198.0,Present Percentage,91.48895128276571
30,2020,615745.0,Present Percentage,93.05654126302284
30,2020,687164.0,Present Percentage,93.42325849433323
30,2020,495027.0,Present Percentage,93.91063517747517
30,2020,721360.0,Present Percentage,93.48439059554175
30,2020,721017.0,Present Percentage,92.89808700765724
30,2020,685324.0,Present Percentage,92.10577770514384
30,2020,622875.0,Present Percentage,87.1507124222356
31,2018,892420.0,Present Percentage,94.65195759844019
31,2018,1309510.0,Present Percentage,94.36476239203976
31,2018,1071635.0,Present Percentage,92.2954177495136
31,2018,892958.0,Present Percentage,92.14039182133986
31,2018,1164356.0,Present Percentage,90.88964199952592
31,2018,833193.0,Present Percentage,91.69844201763577
31,2018,1190336.0,Present Percentage,91.80365879886016
31,2018,951722.0,Present Percentage,92.93533195618048
31,2018,1308229.0,Present Percentage,92.0331990805891
31,2018,791342.0,Present Percentage,87.34226162645228
31,2019,1016950.0,Present Percentage,95.07871576773687
31,2019,1198228.0,Present Percentage,94.66570635972452
31,2019,1018469.0,Present Percentage,92.61872477218256
31,2019,898917.0,Present Percentage,91.57074568619795
31,2019,1171814.0,Present Percentage,91.20048062235134
31,2019,898494.0,Present Percentage,92.12014771384116
31,2019,599190.0,Present Percentage,84.81049416712561
31,2020,595511.0,Present Percentage,86.52720100888145
31,2020,1250763.0,Present Percentage,89.67534217113874
31,2020,1071136.0,Present Percentage,88.94874226988917
31,2020,1010670.0,Present Percentage,89.62411073842105
31,2020,1128149.0,Present Percentage,89.87181657742018
31,2020,811452.0,Present Percentage,89.73568368800619
31,2020,1183509.0,Present Percentage,89.40075656374393
31,2020,1183493.0,Present Percentage,88.34948749168774
31,2020,1124160.0,Present Percentage,87.99049957301452
31,2020,1023598.0,Present Percentage,82.4721228451013
32,2018,152531.0,Present Percentage,92.30975998321652
32,2018,224309.0,Present Percentage,92.92003441680896
32,2018,183704.0,Present Percentage,91.3883203414188
32,2018,153191.0,Present Percentage,90.98184619200866
32,2018,204337.0,Present Percentage,88.49156051033343
32,2018,142800.0,Present Percentage,91.16806722689076
32,2018,204266.0,Present Percentage,91.04549949575554
32,2018,164038.0,Present Percentage,91.5342786427535
32,2018,227695.0,Present Percentage,90.7622038252926
32,2018,144332.0,Present Percentage,84.86267771526758
32,2019,172930.0,Present Percentage,92.88960851211473
32,2019,205128.0,Present Percentage,92.94733044733044
32,2019,174477.0,Present Percentage,91.45216848065935
32,2019,153651.0,Present Percentage,90.56302920254342
32,2019,203869.0,Present Percentage,89.10722081336544
32,2019,153587.0,Present Percentage,90.83841731396537
32,2019,102419.0,Present Percentage,87.18597135297162
32,2020,97380.0,Present Percentage,79.84801807352639
32,2020,205825.0,Present Percentage,85.48281306935503
32,2020,176360.0,Present Percentage,87.1603538217283
32,2020,166416.0,Present Percentage,88.97041149889434
32,2020,185952.0,Present Percentage,89.38758389261746
32,2020,133712.0,Present Percentage,89.57984324518368
32,2020,195594.0,Present Percentage,89.7282125218565
32,2020,196739.0,Present Percentage,89.95318670929505
32,2020,189128.0,Present Percentage,89.97451461444102
32,2020,172898.0,Present Percentage,85.38560307233166
