District,Borough,Year,Present,Absent,Enrolled,Attendance Rate
1,M,2018,152653.0,11647.0,164301.0,0.9291057266845608
1,M,2018,224044.0,16777.0,241101.0,0.9292537152479666
1,M,2018,181007.0,17304.0,198346.0,0.9125820535831324
1,M,2018,150887.0,14584.0,165486.0,0.9117810570078436
1,M,2018,195029.0,22025.0,220156.0,0.8858672941005469
1,M,2018,140367.0,13722.0,154396.0,0.9091362470530324
1,M,2018,200518.0,19460.0,220043.0,0.9112673432011016
1,M,2018,160438.0,15832.0,176503.0,0.9089817170246398
1,M,2018,219210.0,22860.0,242143.0,0.9052915013029492
1,M,2018,126705.0,20945.0,153499.0,0.8254451169062991
1,M,2019,172886.0,12339.0,185248.0,0.9332678355501812
1,M,2019,203684.0,15175.0,218918.0,0.9304123004960762
1,M,2019,170159.0,16092.0,186336.0,0.9131837111454576
1,M,2019,148031.0,16425.0,164462.0,0.9000924225656991
1,M,2019,193155.0,21520.0,218456.0,0.8841826271651957
1,M,2019,149583.0,15095.0,164722.0,0.9080936365512804
1,M,2019,93806.0,15824.0,110133.0,0.8517519726149292
1,M,2020,92585.0,12065.0,104656.0,0.8846602201498242
1,M,2020,198823.0,21983.0,220807.0,0.9004379390146146
1,M,2020,169338.0,20162.0,189522.0,0.8935004907082027
1,M,2020,159916.0,18688.0,178614.0,0.8953161566282598
1,M,2020,178304.0,20772.0,199081.0,0.8956354448691739
1,M,2020,129282.0,13484.0,142781.0,0.9054566083722624
1,M,2020,188322.0,19193.0,207535.0,0.907422844339509
1,M,2020,186698.0,20790.0,207491.0,0.8997884245581736
1,M,2020,176154.0,20833.0,196988.0,0.8942372124190306
1,M,2020,148643.0,27811.0,180871.0,0.8218177596187338
2,M,2018,857329.0,61331.0,918755.0,0.9331421325598228
2,M,2018,1258044.0,88039.0,1346336.0,0.9344205309818648
2,M,2018,1009491.0,89511.0,1099309.0,0.9182959477271632
2,M,2018,831110.0,82022.0,913331.0,0.9099767773129348
2,M,2018,1003485.0,102384.0,1117039.0,0.8983437462792258
2,M,2018,770883.0,76835.0,848633.0,0.9083820685738122
2,M,2018,1102217.0,101389.0,1208031.0,0.9124078769501776
2,M,2018,882349.0,83281.0,965990.0,0.9134142175384838
2,M,2018,1201374.0,123080.0,1325157.0,0.9065899361358692
2,M,2018,618770.0,92808.0,720591.0,0.8586979298936568
2,M,2019,969432.0,68184.0,1037785.0,0.9341356832099136
2,M,2019,1138063.0,82095.0,1221016.0,0.9320623153177354
2,M,2019,953205.0,83845.0,1037760.0,0.9185216234967624
2,M,2019,829245.0,85012.0,914556.0,0.9067186700431684
2,M,2019,1004936.0,103480.0,1119765.0,0.8974525904988994
2,M,2019,826796.0,84382.0,911809.0,0.9067644649263168
2,M,2019,519614.0,80706.0,607878.0,0.8547998118043423
2,M,2020,534548.0,59593.0,594232.0,0.8995611141776276
2,M,2020,1121594.0,124862.0,1246469.0,0.8998170030702729
2,M,2020,956928.0,107164.0,1064884.0,0.8986218217195487
2,M,2020,900617.0,101118.0,1001772.0,0.8990239295967546
2,M,2020,999778.0,113065.0,1112904.0,0.8983506214372489
2,M,2020,710243.0,72147.0,782408.0,0.9077655136450548
2,M,2020,1047499.0,117200.0,1164728.0,0.8993507497029349
2,M,2020,1030920.0,128041.0,1159175.0,0.8893566545172213
2,M,2020,968986.0,131285.0,1100285.0,0.8806681905142758
2,M,2020,789188.0,163101.0,970410.0,0.8132521305427602
3,M,2018,308486.0,18941.0,327455.0,0.942071429662091
3,M,2018,454126.0,27560.0,481742.0,0.9426747096993826
3,M,2018,364464.0,29718.0,394231.0,0.9244935076135564
3,M,2018,302027.0,26163.0,328266.0,0.9200678717869044
3,M,2018,380253.0,35297.0,419047.0,0.907423272329834
3,M,2018,279213.0,25217.0,304828.0,0.9159690054719384
3,M,2018,401155.0,33343.0,435141.0,0.9218965806485714
3,M,2018,321138.0,26267.0,347578.0,0.9239307436028747
3,M,2018,438306.0,38822.0,477380.0,0.9181490636390296
3,M,2018,243239.0,33625.0,281592.0,0.8637993977101622
3,M,2019,348122.0,20814.0,368962.0,0.9435172185753546
3,M,2019,409301.0,24795.0,434168.0,0.9427249359694864
3,M,2019,341729.0,27710.0,369742.0,0.9242363594073706
3,M,2019,296724.0,29574.0,326402.0,0.9090753120385292
3,M,2019,375219.0,36398.0,415639.0,0.9027521478975746
3,M,2019,298024.0,27697.0,325835.0,0.9146469839028956
3,M,2019,187867.0,26266.0,217319.0,0.8644757246260106
3,M,2020,184096.0,19999.0,204095.0,0.902011318258654
3,M,2020,391530.0,35168.0,426698.0,0.9175810526414466
3,M,2020,332930.0,31630.0,364563.0,0.9132303607332616
3,M,2020,312381.0,30746.0,343128.0,0.9103920402881724
3,M,2020,346602.0,35143.0,381749.0,0.907931651425413
3,M,2020,244655.0,26573.0,271234.0,0.9020071230008038
3,M,2020,364156.0,35355.0,399516.0,0.9114929064167644
3,M,2020,360670.0,38620.0,399293.0,0.9032715324335764
3,M,2020,339135.0,39841.0,378978.0,0.894867248230768
3,M,2020,277300.0,45221.0,337131.0,0.82252892792416
4,M,2018,176899.0,11865.0,188767.0,0.937128841375876
4,M,2018,259801.0,17157.0,277052.0,0.937733710639158
4,M,2018,208398.0,18135.0,226564.0,0.919819565332533
4,M,2018,173506.0,15241.0,188788.0,0.919052058393542
4,M,2018,220509.0,25506.0,249428.0,0.8840587263659252
4,M,2018,162268.0,13463.0,175929.0,0.9223493568428172
4,M,2018,231486.0,19103.0,251216.0,0.9214620087892492
4,M,2018,185665.0,15051.0,200800.0,0.9246264940239044
4,M,2018,252843.0,22996.0,275977.0,0.9161741739347844
4,M,2018,139972.0,27127.0,171826.0,0.8146147847240813
4,M,2019,195173.0,12565.0,207747.0,0.939474456911532
4,M,2019,229778.0,15699.0,245501.0,0.9359554543566014
4,M,2019,192273.0,16615.0,208907.0,0.920376052501831
4,M,2019,167464.0,17130.0,184616.0,0.90709364302119
4,M,2019,216535.0,23858.0,242967.0,0.8912115637102981
4,M,2019,169360.0,15545.0,184979.0,0.9155633882765072
4,M,2019,107206.0,15291.0,123407.0,0.8687189543542911
4,M,2020,103193.0,13180.0,116373.0,0.8867434886099009
4,M,2020,220192.0,25256.0,245448.0,0.8971024412502852
4,M,2020,188262.0,22779.0,211041.0,0.8920636274467995
4,M,2020,178037.0,20978.0,199015.0,0.8945908599854282
4,M,2020,199764.0,22148.0,221912.0,0.9001946717617795
4,M,2020,143996.0,15048.0,159044.0,0.9053846734237068
4,M,2020,210527.0,22137.0,232666.0,0.9048464322247342
4,M,2020,210035.0,22729.0,232767.0,0.902340108348692
4,M,2020,199105.0,21983.0,221096.0,0.9005364185693092
4,M,2020,170219.0,28942.0,200703.0,0.8481138797128095
5,M,2018,143160.0,14473.0,157647.0,0.908104816457021
5,M,2018,211997.0,19137.0,231188.0,0.916989636140284
5,M,2018,168043.0,20368.0,188453.0,0.8916971340334194
5,M,2018,140490.0,16316.0,156838.0,0.8957650569377319
5,M,2018,177386.0,24308.0,210963.0,0.8408393888975791
5,M,2018,131284.0,14704.0,146221.0,0.8978464105703011
5,M,2018,186186.0,21282.0,208830.0,0.8915673035483408
5,M,2018,150321.0,16991.0,167391.0,0.898023191210997
5,M,2018,205244.0,24970.0,230338.0,0.8910557528501594
5,M,2018,109623.0,28395.0,151293.0,0.7245741706490055
5,M,2019,154558.0,15206.0,169786.0,0.9103106263178354
5,M,2019,183403.0,17171.0,200631.0,0.9141309169570008
5,M,2019,152638.0,17965.0,170927.0,0.8930011057351969
5,M,2019,132911.0,18099.0,151064.0,0.8798323889212519
5,M,2019,170462.0,23430.0,202221.0,0.8429490507909663
5,M,2019,134249.0,16882.0,151243.0,0.8876377749714036
5,M,2019,84824.0,15210.0,100818.0,0.8413576940625682
5,M,2020,71936.0,18735.0,90671.0,0.7933738461029436
5,M,2020,156355.0,36636.0,192991.0,0.8101673135016659
5,M,2020,138614.0,27077.0,165701.0,0.836530859801691
5,M,2020,130209.0,26470.0,156679.0,0.8310558530498663
5,M,2020,146302.0,28653.0,174965.0,0.8361786643042894
5,M,2020,105850.0,19158.0,125015.0,0.8466983961924569
5,M,2020,157512.0,26879.0,184396.0,0.8542050803705069
5,M,2020,156474.0,27687.0,184172.0,0.8496079751536607
5,M,2020,146284.0,28844.0,175128.0,0.8352976108903202
5,M,2020,122711.0,35776.0,159790.0,0.7679516865886477
6,M,2018,285585.0,24373.0,309963.0,0.9213519032916831
6,M,2018,426165.0,29988.0,456210.0,0.9341421713684488
6,M,2018,343257.0,30384.0,373690.0,0.918560839198266
6,M,2018,284386.0,26878.0,311292.0,0.91356668337124
6,M,2018,365442.0,43084.0,414440.0,0.8817729948846637
6,M,2018,266509.0,23156.0,290120.0,0.9186164345787948
6,M,2018,380988.0,32736.0,414374.0,0.9194302731348974
6,M,2018,306333.0,24796.0,331190.0,0.924946405386636
6,M,2018,418429.0,37019.0,455740.0,0.9181309518585158
6,M,2018,237647.0,38872.0,287726.0,0.8259489931393061
6,M,2019,316582.0,24513.0,341727.0,0.9264178715758484
6,M,2019,376054.0,26453.0,403118.0,0.9328633303399996
6,M,2019,316568.0,25200.0,342662.0,0.9238491574787984
6,M,2019,275093.0,26734.0,302309.0,0.909972908514136
6,M,2019,354871.0,39569.0,401552.0,0.8837485556042555
6,M,2019,277320.0,24447.0,302310.0,0.9173365088816116
6,M,2019,175278.0,25106.0,201850.0,0.8683576913549665
6,M,2020,158999.0,30831.0,189830.0,0.8375862613917716
6,M,2020,350102.0,51629.0,401738.0,0.8714684695000224
6,M,2020,302884.0,40871.0,343757.0,0.88109914852643
6,M,2020,286504.0,37564.0,324069.0,0.8840833279332487
6,M,2020,320491.0,41269.0,361766.0,0.8859069122029157
6,M,2020,234012.0,25965.0,259979.0,0.900118855753734
6,M,2020,341021.0,37818.0,378843.0,0.9001644480695169
6,M,2020,340320.0,38234.0,378567.0,0.8989690068072494
6,M,2020,323654.0,35755.0,359411.0,0.9005122269490917
6,M,2020,275999.0,43504.0,323253.0,0.8538172886253182
7,X,2018,241442.0,27708.0,269281.0,0.8966172882602189
7,X,2018,358909.0,37769.0,396825.0,0.9044515844515844
7,X,2018,285960.0,37498.0,323880.0,0.8829195998517969
7,X,2018,237744.0,31365.0,269170.0,0.883248504662481
7,X,2018,298759.0,47870.0,352050.0,0.8486266155375657
7,X,2018,221153.0,28381.0,250118.0,0.8841946601204231
7,X,2018,315107.0,41167.0,356894.0,0.8829148150431221
7,X,2018,253520.0,31203.0,285460.0,0.8881104182722623
7,X,2018,344865.0,47831.0,392935.0,0.8776642447224096
7,X,2018,188301.0,45398.0,242714.0,0.775814332918579
7,X,2019,265823.0,27421.0,293269.0,0.906413565702478
7,X,2019,313927.0,33815.0,347800.0,0.902607820586544
7,X,2019,262849.0,32930.0,296346.0,0.8869665863551389
7,X,2019,227414.0,33606.0,261096.0,0.8709976407145265
7,X,2019,289476.0,43331.0,340098.0,0.8511546671841645
7,X,2019,230263.0,30090.0,260513.0,0.8838829540176498
7,X,2019,142616.0,28922.0,173587.0,0.8215822613444556
7,X,2020,131459.0,32543.0,164002.0,0.8015694930549627
7,X,2020,288561.0,58080.0,346644.0,0.8324419288953508
7,X,2020,248704.0,49159.0,297889.0,0.8348881630405957
7,X,2020,234079.0,46562.0,280653.0,0.8340513017854788
7,X,2020,264257.0,48545.0,312803.0,0.8448032787409328
7,X,2020,191296.0,31247.0,222543.0,0.8595911801314802
7,X,2020,282011.0,46055.0,328066.0,0.8596166625008382
7,X,2020,280978.0,46274.0,327252.0,0.8585982667791182
7,X,2020,267433.0,43092.0,310527.0,0.8612230176441984
7,X,2020,229601.0,47439.0,284394.0,0.807334191297988
8,X,2018,357631.0,36840.0,394596.0,0.9063219089904612
8,X,2018,531257.0,48690.0,580155.0,0.9157156277201782
8,X,2018,422605.0,52400.0,475194.0,0.889331515128558
8,X,2018,354316.0,41179.0,395568.0,0.895714516846661
8,X,2018,454666.0,65486.0,524956.0,0.8661030638758296
8,X,2018,328586.0,39396.0,368582.0,0.8914868333233853
8,X,2018,468241.0,56585.0,525551.0,0.8909525431404374
8,X,2018,378409.0,42046.0,420798.0,0.8992652056331066
8,X,2018,514810.0,64142.0,579280.0,0.8887066703493992
8,X,2018,290990.0,64379.0,362879.0,0.801892641899917
8,X,2019,399462.0,37609.0,437144.0,0.9137995717658256
8,X,2019,469148.0,45586.0,514805.0,0.9113120501937628
8,X,2019,392510.0,44643.0,437584.0,0.8969934915353395
8,X,2019,341151.0,44909.0,386131.0,0.883511036409923
8,X,2019,447421.0,57845.0,513781.0,0.8708399103898353
8,X,2019,345689.0,39292.0,385383.0,0.8970011650747438
8,X,2019,216901.0,38381.0,257267.0,0.8430968604601445
8,X,2020,195594.0,45033.0,240633.0,0.8128311578212465
8,X,2020,449772.0,60106.0,509879.0,0.882115168500762
8,X,2020,392051.0,45765.0,437821.0,0.8954595599571514
8,X,2020,372651.0,40530.0,413189.0,0.9018899341463592
8,X,2020,416361.0,44949.0,461310.0,0.9025622683228198
8,X,2020,302629.0,29043.0,331673.0,0.9124318229099144
8,X,2020,440105.0,42715.0,482820.0,0.9115301768775111
8,X,2020,438343.0,43925.0,482268.0,0.9089199366327436
8,X,2020,415779.0,42592.0,458379.0,0.9070638052790376
8,X,2020,352918.0,57358.0,416740.0,0.8468541536689542
9,X,2018,436128.0,46885.0,483113.0,0.902745320452979
9,X,2018,652556.0,57090.0,709784.0,0.9193726542159304
9,X,2018,518542.0,60419.0,579111.0,0.8954103790119683
9,X,2018,434807.0,47346.0,482269.0,0.9015860443030757
9,X,2018,555741.0,78428.0,647776.0,0.857921565479425
9,X,2018,405743.0,42965.0,449275.0,0.9031061154081576
9,X,2018,579263.0,60556.0,640940.0,0.9037710238087808
9,X,2018,464230.0,48329.0,512735.0,0.9053994753625167
9,X,2018,631590.0,71705.0,703715.0,0.897508224210085
9,X,2018,359448.0,76891.0,454638.0,0.7906246288255712
9,X,2019,478368.0,44959.0,523421.0,0.9139258837532312
9,X,2019,568044.0,48448.0,616565.0,0.9213043231451672
9,X,2019,476827.0,47090.0,524270.0,0.9095065519674976
9,X,2019,414176.0,48179.0,462457.0,0.8955989421719208
9,X,2019,540563.0,68025.0,620977.0,0.8705040605368637
9,X,2019,420598.0,43446.0,464156.0,0.9061565508148124
9,X,2019,266306.0,40728.0,309397.0,0.8607258635345527
9,X,2020,237298.0,50511.0,287849.0,0.8243836177996102
9,X,2020,522939.0,85723.0,608723.0,0.8590754743947575
9,X,2020,461989.0,60004.0,522040.0,0.8849685847827753
9,X,2020,438475.0,53980.0,492481.0,0.8903389166282557
9,X,2020,490363.0,59228.0,549594.0,0.8922277171875966
9,X,2020,355667.0,38414.0,394097.0,0.9024859362035236
9,X,2020,522381.0,54031.0,576420.0,0.9062506505672948
9,X,2020,520205.0,56061.0,576280.0,0.9026948705490386
9,X,2020,495018.0,52869.0,547909.0,0.9034675466181428
9,X,2020,424725.0,66835.0,497539.0,0.8536516735371499
10,X,2018,712351.0,61354.0,773940.0,0.9204214797012688
10,X,2018,1059616.0,75230.0,1135015.0,0.9335700409245692
10,X,2018,846704.0,80724.0,927627.0,0.912763427541458
10,X,2018,706173.0,64910.0,771339.0,0.9155157459949516
10,X,2018,897325.0,107555.0,1017406.0,0.8819733714957451
10,X,2018,659999.0,59089.0,719768.0,0.9169607429060476
10,X,2018,943006.0,84454.0,1028362.0,0.9169980998908944
10,X,2018,755486.0,66116.0,821840.0,0.9192616567701742
10,X,2018,1031451.0,98352.0,1130222.0,0.9126092042094384
10,X,2018,579608.0,101544.0,701385.0,0.8263763838690591
10,X,2019,796137.0,57990.0,854236.0,0.9319871791870162
10,X,2019,941274.0,65270.0,1007091.0,0.9346464222200376
10,X,2019,789035.0,66057.0,855617.0,0.9221824718302698
10,X,2019,685932.0,67198.0,753720.0,0.9100620920235633
10,X,2019,881859.0,96960.0,991958.0,0.8890084055978177
10,X,2019,693433.0,59549.0,753133.0,0.920731132482576
10,X,2019,439299.0,59946.0,501907.0,0.8752597592781133
10,X,2020,393676.0,83433.0,477858.0,0.8238346956627283
10,X,2020,885925.0,123952.0,1010555.0,0.8766717298910005
10,X,2020,769003.0,97046.0,866445.0,0.887538158798308
10,X,2020,732523.0,83695.0,816551.0,0.8970939965782909
10,X,2020,817209.0,93780.0,911361.0,0.8966907734695692
10,X,2020,590993.0,62826.0,654064.0,0.903570598595856
10,X,2020,871528.0,85680.0,957556.0,0.9101587792254447
10,X,2020,867740.0,88616.0,956700.0,0.9070136929026864
10,X,2020,819627.0,88430.0,908369.0,0.9023062213703902
10,X,2020,705729.0,119310.0,826089.0,0.854301413043873
11,X,2018,514658.0,40178.0,554895.0,0.9274871822597068
11,X,2018,758971.0,54851.0,813898.0,0.9325136565024118
11,X,2018,605852.0,58675.0,664619.0,0.9115779115553422
11,X,2018,508690.0,45053.0,553869.0,0.9184301703110302
11,X,2018,660941.0,72722.0,735310.0,0.8988603446165563
11,X,2018,474537.0,42724.0,517675.0,0.9166697252136958
11,X,2018,674824.0,60908.0,737546.0,0.9149585246208372
11,X,2018,544759.0,46227.0,591073.0,0.9216441962329526
11,X,2018,736543.0,71830.0,809318.0,0.910078609397048
11,X,2018,424747.0,79433.0,504608.0,0.8417365559008181
11,X,2019,571860.0,40924.0,612813.0,0.9331721095995026
11,X,2019,672851.0,47036.0,719951.0,0.934578881062739
11,X,2019,563046.0,47560.0,610936.0,0.9216120837534536
11,X,2019,490225.0,49382.0,539708.0,0.9083152371282248
11,X,2019,647202.0,66889.0,719131.0,0.8999778899811022
11,X,2019,494772.0,45465.0,540331.0,0.915683164578749
11,X,2019,309975.0,45424.0,360262.0,0.8604154754040115
11,X,2020,283759.0,55487.0,339246.0,0.8364402233187717
11,X,2020,632538.0,84655.0,717198.0,0.8819572837626429
11,X,2020,552123.0,62378.0,614516.0,0.8984680626704593
11,X,2020,525655.0,53745.0,579412.0,0.907221458996362
11,X,2020,590788.0,56478.0,647275.0,0.9127310648487892
11,X,2020,428541.0,38914.0,467457.0,0.916749561991798
11,X,2020,623052.0,55884.0,678938.0,0.9176861510182078
11,X,2020,619844.0,58381.0,678295.0,0.9138265798804356
11,X,2020,583900.0,60422.0,644332.0,0.9062098421310752
11,X,2020,493338.0,82284.0,580026.0,0.8505446307579315
12,X,2018,283378.0,31988.0,315374.0,0.898545853494581
12,X,2018,423029.0,41552.0,464610.0,0.910503432986806
12,X,2018,336617.0,42678.0,379319.0,0.8874245687666581
12,X,2018,282304.0,33387.0,315709.0,0.8941905362216471
12,X,2018,361550.0,52992.0,419754.0,0.8613378312058968
12,X,2018,263750.0,30904.0,295257.0,0.8932895748449655
12,X,2018,375784.0,44018.0,419952.0,0.8948260753609937
12,X,2018,303054.0,33178.0,336368.0,0.9009596632259906
12,X,2018,412044.0,49935.0,462551.0,0.8908077163383065
12,X,2018,235976.0,50321.0,295064.0,0.7997451400374156
12,X,2019,312048.0,28008.0,340142.0,0.917405083759136
12,X,2019,368908.0,33149.0,402136.0,0.9173712375912628
12,X,2019,309736.0,32014.0,341953.0,0.9057852979795468
12,X,2019,268823.0,32587.0,301497.0,0.891627445712561
12,X,2019,351912.0,44549.0,404027.0,0.871011095793103
12,X,2019,271624.0,28903.0,301524.0,0.9008370809620462
12,X,2019,171804.0,27709.0,201147.0,0.8541216125520142
12,X,2020,148698.0,35179.0,183877.0,0.8086818906116588
12,X,2020,335912.0,53215.0,389128.0,0.8632429431960692
12,X,2020,291514.0,43327.0,334867.0,0.8705366608235509
12,X,2020,280336.0,35729.0,316078.0,0.8869203171369092
12,X,2020,315478.0,37498.0,352986.0,0.8937408282481458
12,X,2020,227453.0,25983.0,253441.0,0.8974593692417565
12,X,2020,334882.0,35372.0,370275.0,0.9044142866788198
12,X,2020,332561.0,37972.0,370547.0,0.8974866885982075
12,X,2020,316570.0,35995.0,352574.0,0.897882430355046
12,X,2020,275057.0,41260.0,320328.0,0.8586729851901801
13,K,2018,293102.0,21613.0,314730.0,0.9312807803514124
13,K,2018,430490.0,29792.0,460412.0,0.935010382005682
13,K,2018,344826.0,30630.0,375581.0,0.918113536094744
13,K,2018,287124.0,25432.0,312618.0,0.9184499932825364
13,K,2018,342234.0,36839.0,381410.0,0.8972863847303427
13,K,2018,264400.0,25365.0,290281.0,0.91084156386398
13,K,2018,372504.0,34862.0,414125.0,0.8994965288258376
13,K,2018,302715.0,27954.0,330911.0,0.914792799272312
13,K,2018,406737.0,41403.0,448378.0,0.9071296986025184
13,K,2018,205553.0,37299.0,246183.0,0.83496017190464
13,K,2019,332071.0,20854.0,352994.0,0.9407270378533348
13,K,2019,389430.0,24542.0,414005.0,0.940640813516745
13,K,2019,325198.0,26346.0,351954.0,0.923978701762162
13,K,2019,280467.0,29270.0,309821.0,0.9052549698051456
13,K,2019,341632.0,34265.0,378010.0,0.903764450675908
13,K,2019,283399.0,25010.0,308693.0,0.9180609861577684
13,K,2019,178109.0,26282.0,205833.0,0.8653082839000549
13,K,2020,179532.0,23193.0,202725.0,0.8855937846836848
13,K,2020,385619.0,36944.0,422563.0,0.9125716165400188
13,K,2020,329800.0,31536.0,361336.0,0.9127238913365952
13,K,2020,310423.0,29995.0,340421.0,0.9118797018985316
13,K,2020,344666.0,35007.0,379675.0,0.9077921906894054
13,K,2020,240989.0,25140.0,266140.0,0.905497106785902
13,K,2020,354323.0,42434.0,396758.0,0.8930456348706264
13,K,2020,353753.0,42834.0,396594.0,0.8919776900306107
13,K,2020,339145.0,37519.0,376678.0,0.900357865338565
13,K,2020,311191.0,33642.0,346581.0,0.8978882281486867
14,K,2018,245854.0,20423.0,266328.0,0.9231248685831004
14,K,2018,361028.0,28685.0,389854.0,0.9260594991971354
14,K,2018,289001.0,29024.0,318165.0,0.9083368692345168
14,K,2018,239541.0,24970.0,264605.0,0.9052776780484116
14,K,2018,301383.0,39605.0,344991.0,0.8735967025226745
14,K,2018,222316.0,23528.0,246389.0,0.902296774612503
14,K,2018,317618.0,32977.0,351476.0,0.9036690983168124
14,K,2018,254546.0,26074.0,280802.0,0.906496392475837
14,K,2018,345163.0,40018.0,385406.0,0.8955828399142722
14,K,2018,195813.0,34176.0,235270.0,0.8322905597823776
14,K,2019,275338.0,21415.0,296850.0,0.9275324237830554
14,K,2019,322075.0,26369.0,348489.0,0.9242042073064
14,K,2019,267518.0,27726.0,295555.0,0.9051377916123904
14,K,2019,234074.0,26102.0,260235.0,0.8994716314100717
14,K,2019,298779.0,35670.0,337843.0,0.8843723267908467
14,K,2019,233999.0,25274.0,259326.0,0.9023352845453212
14,K,2019,147423.0,23756.0,172946.0,0.8524221433279752
14,K,2020,144117.0,23978.0,168095.0,0.8573544721734734
14,K,2020,312585.0,37974.0,350560.0,0.891673322683706
14,K,2020,266942.0,31852.0,298795.0,0.8933951371341555
14,K,2020,252743.0,29251.0,281996.0,0.8962644860210783
14,K,2020,278072.0,33934.0,312006.0,0.8912392710396595
14,K,2020,201166.0,21348.0,222515.0,0.9040559063433926
14,K,2020,294883.0,31561.0,326447.0,0.903310491442715
14,K,2020,293215.0,33395.0,326616.0,0.8977361794890636
14,K,2020,275841.0,32042.0,307890.0,0.8959076293481438
14,K,2020,233132.0,45047.0,280862.0,0.8300588901310965
15,K,2018,448037.0,25372.0,473410.0,0.946403751505038
15,K,2018,656967.0,35702.0,692853.0,0.948205463496586
15,K,2018,527353.0,37870.0,565380.0,0.9327408114896176
15,K,2018,436132.0,34286.0,470522.0,0.9269109627180026
15,K,2018,574746.0,49730.0,631724.0,0.9098055479924776
15,K,2018,403881.0,32839.0,437285.0,0.9236104599974844
15,K,2018,580198.0,43894.0,624267.0,0.9294068083047798
15,K,2018,462925.0,34695.0,497816.0,0.9299118549825638
15,K,2018,636526.0,48726.0,685501.0,0.9285559029089672
15,K,2018,383979.0,42904.0,436920.0,0.8788313650096128
15,K,2019,500432.0,28931.0,529384.0,0.945310020703308
15,K,2019,588244.0,33492.0,621769.0,0.9460812616904348
15,K,2019,491034.0,36072.0,527487.0,0.9308930836210182
15,K,2019,428082.0,36493.0,464683.0,0.9212344759760956
15,K,2019,565900.0,51258.0,621642.0,0.9103310265393908
15,K,2019,427030.0,35317.0,462719.0,0.9228711161633736
15,K,2019,271962.0,35382.0,308498.0,0.8815681138937692
15,K,2020,270258.0,29150.0,299408.0,0.9026412119916636
15,K,2020,579125.0,49358.0,628483.0,0.9214648606247106
15,K,2020,495495.0,42719.0,538218.0,0.920621383900204
15,K,2020,467451.0,40629.0,508080.0,0.9200342465753424
15,K,2020,517273.0,48753.0,566027.0,0.9138662996641504
15,K,2020,376223.0,33024.0,409260.0,0.9192762547036114
15,K,2020,542102.0,51887.0,593993.0,0.9126403846509976
15,K,2020,539333.0,53398.0,592734.0,0.9099073108679442
15,K,2020,509970.0,52377.0,562348.0,0.9068583866218072
15,K,2020,427209.0,66206.0,506194.0,0.8439629865229537
16,K,2018,79766.0,10699.0,90476.0,0.8816260665811928
16,K,2018,118493.0,14908.0,133432.0,0.8880403501408958
16,K,2018,93874.0,15609.0,109531.0,0.8570541673133634
16,K,2018,79260.0,12213.0,91522.0,0.8660212844999017
16,K,2018,101814.0,18051.0,119935.0,0.8489098261558344
16,K,2018,73561.0,11496.0,85124.0,0.8641628682862648
16,K,2018,104839.0,16399.0,121350.0,0.8639390193654718
16,K,2018,83938.0,13239.0,97204.0,0.8635241348092672
16,K,2018,113740.0,19685.0,133549.0,0.851672419860875
16,K,2018,64075.0,17392.0,81536.0,0.7858491954474097
16,K,2019,90636.0,11281.0,101950.0,0.8890240313879353
16,K,2019,106667.0,13945.0,120663.0,0.8840075250905415
16,K,2019,87828.0,14646.0,102620.0,0.8558565581757942
16,K,2019,76081.0,14166.0,90270.0,0.8428159964550792
16,K,2019,100494.0,17173.0,117717.0,0.8536914804148934
16,K,2019,76999.0,12678.0,89779.0,0.8576504527784894
16,K,2019,48680.0,10854.0,59720.0,0.8151373074346953
16,K,2020,47086.0,9666.0,56763.0,0.8295192290752779
16,K,2020,104277.0,17065.0,121342.0,0.8593644410014669
16,K,2020,91435.0,12896.0,104333.0,0.8763766018421784
16,K,2020,86714.0,11824.0,98538.0,0.880005683086728
16,K,2020,96695.0,13275.0,109970.0,0.879285259616259
16,K,2020,69130.0,10128.0,79259.0,0.8722037875824827
16,K,2020,99706.0,14746.0,114452.0,0.8711599622549191
16,K,2020,101062.0,13233.0,114299.0,0.88418971294587
16,K,2020,96095.0,12760.0,108856.0,0.8827717351363269
16,K,2020,83170.0,14719.0,97891.0,0.8496184531775137
17,K,2018,279279.0,25411.0,306308.0,0.9117587526280736
17,K,2018,415040.0,31296.0,448766.0,0.9248472477861512
17,K,2018,332851.0,32315.0,367163.0,0.906548317777118
17,K,2018,276399.0,27829.0,305865.0,0.9036633809033398
17,K,2018,347194.0,42862.0,399481.0,0.8691126736941182
17,K,2018,259332.0,25172.0,285717.0,0.9076533772929156
17,K,2018,371757.0,35269.0,408564.0,0.9099112990865568
17,K,2018,297370.0,27896.0,326597.0,0.9105105068325796
17,K,2018,403207.0,43835.0,448792.0,0.8984273338205672
17,K,2018,220304.0,42366.0,275860.0,0.7986079895599217
17,K,2019,313405.0,24571.0,338060.0,0.9270691593208308
17,K,2019,368171.0,28855.0,397170.0,0.9269859254223632
17,K,2019,307210.0,29951.0,337340.0,0.9106835833283928
17,K,2019,267357.0,29614.0,297161.0,0.8997042007531271
17,K,2019,338829.0,39451.0,386378.0,0.8769365750637976
17,K,2019,269467.0,28065.0,297648.0,0.9053210503682202
17,K,2019,170384.0,25581.0,198216.0,0.8595875206845058
17,K,2020,159480.0,29670.0,189152.0,0.8431314498392827
17,K,2020,344082.0,54405.0,398487.0,0.8634710793576704
17,K,2020,296512.0,45566.0,342082.0,0.8667863260855584
17,K,2020,279670.0,42799.0,322469.0,0.8672771646266773
17,K,2020,313748.0,46037.0,359787.0,0.872038178144291
17,K,2020,224432.0,31756.0,256190.0,0.8760373160544908
17,K,2020,333035.0,44853.0,377889.0,0.8813037690962161
17,K,2020,330281.0,47531.0,377819.0,0.874177847064335
17,K,2020,311199.0,47593.0,358941.0,0.8669920683343502
17,K,2020,266064.0,57947.0,326905.0,0.813887826738655
18,K,2018,191672.0,18337.0,210033.0,0.9125804040317472
18,K,2018,285239.0,23359.0,308637.0,0.9241892579308378
18,K,2018,227355.0,24250.0,251696.0,0.9032920666200496
18,K,2018,189235.0,20130.0,209437.0,0.9035413990842116
18,K,2018,241964.0,31380.0,273480.0,0.884759397396519
18,K,2018,176472.0,18070.0,194872.0,0.905579046758898
18,K,2018,252074.0,25994.0,278518.0,0.9050546104740088
18,K,2018,202443.0,20515.0,223025.0,0.9077143817957628
18,K,2018,274453.0,31874.0,306496.0,0.8954537742743788
18,K,2018,152051.0,33582.0,185811.0,0.8183100031752695
18,K,2019,202994.0,17606.0,220629.0,0.9200694378345547
18,K,2019,239601.0,20509.0,260157.0,0.9209861737335532
18,K,2019,199640.0,21426.0,221237.0,0.9023807048549746
18,K,2019,173382.0,21804.0,195247.0,0.8880136442557376
18,K,2019,228429.0,27563.0,256127.0,0.8918583359036728
18,K,2019,176624.0,19220.0,195921.0,0.9015062193435108
18,K,2019,112060.0,17818.0,130547.0,0.8583881667139038
18,K,2020,93738.0,24114.0,117854.0,0.7953739372443871
18,K,2020,209323.0,39026.0,248350.0,0.8428548419569156
18,K,2020,178971.0,33958.0,212930.0,0.8405156624242709
18,K,2020,170567.0,30477.0,201044.0,0.8484063190147431
18,K,2020,192735.0,31983.0,224720.0,0.8576673193307227
18,K,2020,139467.0,21177.0,160651.0,0.8681365195361374
18,K,2020,203353.0,30141.0,233517.0,0.8708273915817693
18,K,2020,203310.0,29734.0,233044.0,0.8724103602753128
18,K,2020,193458.0,28107.0,221566.0,0.8731393805908849
18,K,2020,163911.0,34249.0,198574.0,0.8254403899805614
19,K,2018,278585.0,30671.0,309296.0,0.9007067663338679
19,K,2018,416490.0,38051.0,454651.0,0.9160652896397457
19,K,2018,333641.0,38044.0,371760.0,0.8974634172584464
19,K,2018,278530.0,31304.0,309906.0,0.8987563971010565
19,K,2018,355825.0,52340.0,413137.0,0.8612760416036327
19,K,2018,258296.0,30288.0,288993.0,0.8937794341039402
19,K,2018,369684.0,42614.0,412602.0,0.8959820844300318
19,K,2018,296820.0,32624.0,329653.0,0.900401331096638
19,K,2018,404147.0,48747.0,453176.0,0.8918102459088743
19,K,2018,228242.0,50821.0,286123.0,0.7977058817361764
19,K,2019,316124.0,31973.0,348131.0,0.9080604714891808
19,K,2019,374204.0,35384.0,409627.0,0.9135237667438914
19,K,2019,312764.0,35128.0,348304.0,0.8979626992512288
19,K,2019,271581.0,35473.0,307119.0,0.884285895695154
19,K,2019,353767.0,48506.0,406209.0,0.8708989707268918
19,K,2019,274466.0,31373.0,305963.0,0.8970561799956204
19,K,2019,174226.0,28755.0,203979.0,0.8541369454698768
19,K,2020,151976.0,40933.0,192919.0,0.7877710334389044
19,K,2020,350203.0,57341.0,407545.0,0.8592989731195328
19,K,2020,307309.0,41671.0,348980.0,0.8805920110034959
19,K,2020,294424.0,34690.0,329114.0,0.8945957935548169
19,K,2020,328882.0,38409.0,367293.0,0.8954213665928836
19,K,2020,236571.0,26446.0,263018.0,0.8994479465283745
19,K,2020,346983.0,37042.0,384025.0,0.903542738102988
19,K,2020,345345.0,38854.0,384210.0,0.8988443819786055
19,K,2020,328625.0,36403.0,365036.0,0.9002536736102741
19,K,2020,281833.0,48112.0,331371.0,0.8505059284004937
20,K,2018,707210.0,38835.0,746069.0,0.947915005180486
20,K,2018,1042751.0,51296.0,1094135.0,0.953036873877538
20,K,2018,849284.0,45312.0,894712.0,0.9492261196899114
20,K,2018,702619.0,42272.0,745009.0,0.9431013585070784
20,K,2018,916040.0,63493.0,981010.0,0.9337723366734284
20,K,2018,652967.0,41411.0,694760.0,0.9398454142437676
20,K,2018,931024.0,54627.0,989052.0,0.9413296773071588
20,K,2018,752602.0,41969.0,794764.0,0.9469502896457314
20,K,2018,1029148.0,63904.0,1093308.0,0.9413157134128718
20,K,2018,609483.0,56551.0,668628.0,0.9115427412552272
20,K,2019,801500.0,45005.0,846544.0,0.9467907161352512
20,K,2019,947513.0,48388.0,995967.0,0.9513497937180648
20,K,2019,803332.0,42604.0,846154.0,0.9493921910196016
20,K,2019,699869.0,46241.0,746220.0,0.9378856101417812
20,K,2019,912985.0,66951.0,999942.0,0.9130379562014596
20,K,2019,700216.0,45294.0,745723.0,0.9389760004720252
20,K,2019,437154.0,54680.0,497365.0,0.8789400138731113
20,K,2020,431801.0,63492.0,495293.0,0.8718092119210246
20,K,2020,954416.0,88406.0,1042822.0,0.9152242664615822
20,K,2020,824601.0,68992.0,893593.0,0.9227925912579888
20,K,2020,784194.0,58800.0,843005.0,0.9302364754657446
20,K,2020,875965.0,64870.0,940836.0,0.9310496196999264
20,K,2020,635591.0,42414.0,678011.0,0.9374346433907416
20,K,2020,915257.0,71363.0,986622.0,0.9276673335887504
20,K,2020,910980.0,75386.0,986368.0,0.9235701077082792
20,K,2020,860002.0,77453.0,937457.0,0.9173775437166718
20,K,2020,729585.0,93401.0,848201.0,0.8601557885454038
21,K,2018,483865.0,36517.0,520425.0,0.9297497237834462
21,K,2018,716597.0,46389.0,763261.0,0.9388623288757056
21,K,2018,577765.0,45615.0,623527.0,0.92660782933217
21,K,2018,479502.0,39432.0,519027.0,0.9238478923061806
21,K,2018,608547.0,61648.0,675576.0,0.9007824434260542
21,K,2018,442583.0,40300.0,483468.0,0.9154339066908256
21,K,2018,629756.0,52840.0,688543.0,0.914621163819834
21,K,2018,510294.0,41462.0,552079.0,0.9243133681954938
21,K,2018,695399.0,62375.0,758499.0,0.9168093827414406
21,K,2018,389565.0,59854.0,456678.0,0.8530408734381775
21,K,2019,552959.0,35729.0,588760.0,0.9391925402540934
21,K,2019,653098.0,40421.0,693591.0,0.9416183312643908
21,K,2019,548482.0,41156.0,589941.0,0.9297234808226584
21,K,2019,477600.0,42502.0,520195.0,0.9181172444948528
21,K,2019,612100.0,59788.0,676023.0,0.9054425663032176
21,K,2019,477369.0,41244.0,518835.0,0.9200786377171932
21,K,2019,298658.0,42407.0,345759.0,0.863775057193016
21,K,2020,283485.0,55968.0,339454.0,0.8351205170656407
21,K,2020,637268.0,79912.0,717181.0,0.8885734563520227
21,K,2020,546473.0,67554.0,614036.0,0.8899689920460689
21,K,2020,515663.0,63295.0,578960.0,0.8906712035373774
21,K,2020,570919.0,74753.0,645699.0,0.8841875239081987
21,K,2020,416424.0,45791.0,462216.0,0.900929435588556
21,K,2020,604112.0,71777.0,675910.0,0.8937757985530618
21,K,2020,602954.0,72004.0,674969.0,0.8933062111000654
21,K,2020,569586.0,71733.0,641327.0,0.8881366292078768
21,K,2020,473829.0,87421.0,580808.0,0.8158100439387888
22,K,2018,475474.0,28944.0,504442.0,0.9425741710642652
22,K,2018,704982.0,34902.0,740116.0,0.952529063011744
22,K,2018,568141.0,37009.0,605320.0,0.9385795942641908
22,K,2018,472475.0,31433.0,504115.0,0.9372365432490602
22,K,2018,601104.0,53417.0,656043.0,0.9162570136408742
22,K,2018,437141.0,31729.0,469551.0,0.9309766138289558
22,K,2018,622897.0,41623.0,669045.0,0.9310240716244796
22,K,2018,502285.0,32812.0,535452.0,0.9380579398340094
22,K,2018,687833.0,47351.0,735714.0,0.9349190038520404
22,K,2018,387645.0,52520.0,440359.0,0.880293124473441
22,K,2019,527749.0,30162.0,558061.0,0.9456833571957188
22,K,2019,626805.0,30253.0,657185.0,0.9537725298051538
22,K,2019,526398.0,31976.0,558856.0,0.9419206378745152
22,K,2019,457531.0,34657.0,492348.0,0.9292837586422612
22,K,2019,588577.0,49414.0,638231.0,0.9222005825476982
22,K,2019,459477.0,31831.0,491598.0,0.9346600270953096
22,K,2019,290715.0,32684.0,327746.0,0.887013113813746
22,K,2020,281215.0,36997.0,318212.0,0.8837347428758187
22,K,2020,604028.0,63178.0,667211.0,0.9053028202472682
22,K,2020,522695.0,47775.0,570497.0,0.9162099011914172
22,K,2020,492909.0,45064.0,537985.0,0.9162132773218584
22,K,2020,549371.0,50904.0,600279.0,0.9151927686958896
22,K,2020,397490.0,33531.0,431031.0,0.92218425124875
22,K,2020,580365.0,48688.0,629063.0,0.9225864500058024
22,K,2020,575743.0,52880.0,628631.0,0.91586797342161
22,K,2020,541905.0,55326.0,597237.0,0.9073533622330834
22,K,2020,450468.0,69962.0,538303.0,0.8368298151784404
23,K,2018,114236.0,14183.0,128432.0,0.8894667995515136
23,K,2018,171836.0,18346.0,190314.0,0.9029078260138508
23,K,2018,137110.0,19469.0,156613.0,0.8754701078454534
23,K,2018,114173.0,16199.0,130407.0,0.8755128175634743
23,K,2018,151584.0,25677.0,178358.0,0.8498861839670775
23,K,2018,106384.0,14786.0,121343.0,0.8767213601114197
23,K,2018,152320.0,20759.0,173564.0,0.8776013459012237
23,K,2018,123138.0,16051.0,139332.0,0.8837740074067695
23,K,2018,166331.0,25072.0,191929.0,0.8666277633916709
23,K,2018,101825.0,24786.0,127581.0,0.7981204097788855
23,K,2019,127558.0,13860.0,141494.0,0.9015081911600492
23,K,2019,150636.0,17492.0,168146.0,0.8958643083986535
23,K,2019,125611.0,17138.0,143008.0,0.8783494629671067
23,K,2019,109064.0,17141.0,126241.0,0.8639348547619237
23,K,2019,145289.0,23791.0,171483.0,0.8472501647393619
23,K,2019,111538.0,14623.0,126217.0,0.8837002939382175
23,K,2019,70313.0,13564.0,84185.0,0.835220051077983
23,K,2020,60872.0,15556.0,76428.0,0.7964620296226513
23,K,2020,138306.0,23618.0,161924.0,0.8541414490748747
23,K,2020,121435.0,18311.0,139746.0,0.8689694159403489
23,K,2020,113556.0,18668.0,132224.0,0.858815343659245
23,K,2020,127598.0,20301.0,147899.0,0.8627374086369752
23,K,2020,92537.0,14286.0,106823.0,0.8662647557174017
23,K,2020,136847.0,17509.0,154356.0,0.8865674155847522
23,K,2020,137153.0,16739.0,153892.0,0.8912289137836925
23,K,2020,131296.0,14845.0,146141.0,0.8984200190227246
23,K,2020,115593.0,16652.0,132245.0,0.8740821959242315
24,Q,2018,796447.0,45130.0,841686.0,0.946251927678493
24,Q,2018,1173380.0,59956.0,1233456.0,0.951294573945078
24,Q,2018,951427.0,56376.0,1007933.0,0.9439387340229956
24,Q,2018,787402.0,51294.0,838787.0,0.9387389170313798
24,Q,2018,1023045.0,83715.0,1109338.0,0.9222121661747816
24,Q,2018,735002.0,46207.0,781801.0,0.940139498414558
24,Q,2018,1051964.0,63176.0,1116766.0,0.9419735199674776
24,Q,2018,845463.0,47308.0,892996.0,0.9467713181246052
24,Q,2018,1156020.0,72958.0,1229486.0,0.9402465745848264
24,Q,2018,685594.0,68586.0,759454.0,0.9027459200952264
24,Q,2019,890530.0,44154.0,934764.0,0.952678964958
24,Q,2019,1049417.0,50631.0,1100184.0,0.9538559004675582
24,Q,2019,883135.0,50580.0,934198.0,0.9453402811823618
24,Q,2019,769052.0,54503.0,823675.0,0.933683795186208
24,Q,2019,1003437.0,81161.0,1086765.0,0.9233247298173938
24,Q,2019,770358.0,51783.0,822319.0,0.936811626631514
24,Q,2019,498378.0,46335.0,547988.0,0.90946882048512
24,Q,2020,452547.0,79927.0,532475.0,0.8498934222263956
24,Q,2020,1017910.0,97261.0,1115183.0,0.9127739572787604
24,Q,2020,875549.0,78889.0,954454.0,0.917329698445394
24,Q,2020,833614.0,66627.0,900261.0,0.9259692466962358
24,Q,2020,933570.0,71049.0,1004624.0,0.929273041456306
24,Q,2020,680293.0,45356.0,725663.0,0.9374778650695984
24,Q,2020,986301.0,68613.0,1054938.0,0.9349374086439204
24,Q,2020,980863.0,74293.0,1055258.0,0.9295006529208972
24,Q,2020,925837.0,78030.0,1003956.0,0.922188821024029
24,Q,2020,800248.0,102018.0,905854.0,0.8834182991961177
25,Q,2018,518984.0,31823.0,550848.0,0.9421546415708144
25,Q,2018,765429.0,42012.0,807524.0,0.9478715183697328
25,Q,2018,617870.0,41844.0,659851.0,0.9363780611077348
25,Q,2018,511665.0,37701.0,549439.0,0.9312498748723698
25,Q,2018,667240.0,52265.0,724649.0,0.9207768174661112
25,Q,2018,476248.0,35629.0,512286.0,0.929652576880883
25,Q,2018,679868.0,49138.0,732764.0,0.9278130475842152
25,Q,2018,548202.0,37806.0,586204.0,0.9351727385005902
25,Q,2018,749205.0,55363.0,805168.0,0.9304952506806032
25,Q,2018,442276.0,45706.0,496619.0,0.8905740618059317
25,Q,2019,589695.0,33373.0,623196.0,0.9462432364777694
25,Q,2019,696307.0,37076.0,733460.0,0.949345567583781
25,Q,2019,585182.0,37793.0,623393.0,0.9387047977760418
25,Q,2019,511024.0,38715.0,549786.0,0.9294962039775476
25,Q,2019,665387.0,53467.0,723157.0,0.9201141660801182
25,Q,2019,507776.0,40149.0,548110.0,0.9264125814161392
25,Q,2019,323414.0,38745.0,365471.0,0.8849238380062987
25,Q,2020,320101.0,37022.0,357126.0,0.896325106545029
25,Q,2020,695206.0,54475.0,749681.0,0.9273357601433144
25,Q,2020,597528.0,44751.0,642280.0,0.9303232235162234
25,Q,2020,565785.0,40233.0,606020.0,0.9336078017227154
25,Q,2020,633762.0,42995.0,676763.0,0.9364607698706932
25,Q,2020,458009.0,28607.0,486627.0,0.9411910970825704
25,Q,2020,663725.0,44988.0,708713.0,0.9365215538588963
25,Q,2020,660549.0,47630.0,708179.0,0.9327429929438744
25,Q,2020,621966.0,50660.0,672628.0,0.9246805069072356
25,Q,2020,549821.0,58699.0,611380.0,0.8993113938957767
26,Q,2018,453833.0,21775.0,475691.0,0.9540500030481972
26,Q,2018,667175.0,29030.0,696309.0,0.958159380390028
26,Q,2018,534756.0,33958.0,568911.0,0.9399642474833496
26,Q,2018,447081.0,26887.0,474001.0,0.9432068708715804
26,Q,2018,569742.0,36647.0,606500.0,0.9393932399010716
26,Q,2018,412542.0,25596.0,438820.0,0.9401166765416344
26,Q,2018,584694.0,33146.0,626459.0,0.9333316306414308
26,Q,2018,472425.0,28095.0,500643.0,0.9436364834822418
26,Q,2018,647954.0,40149.0,688373.0,0.9412832868226964
26,Q,2018,352948.0,36786.0,390196.0,0.9045402823196548
26,Q,2019,513739.0,22580.0,537323.0,0.9561083370709984
26,Q,2019,605379.0,23716.0,630314.0,0.960440351951567
26,Q,2019,508073.0,25239.0,534593.0,0.9503921674993874
26,Q,2019,444343.0,25893.0,471159.0,0.9430850307433372
26,Q,2019,564766.0,36952.0,602551.0,0.937291615149589
26,Q,2019,440688.0,26380.0,467912.0,0.9418181196464293
26,Q,2019,280713.0,25971.0,311971.0,0.8998047895477465
26,Q,2020,286840.0,21065.0,307907.0,0.9315799900619344
26,Q,2020,611575.0,33505.0,645080.0,0.9480607056489118
26,Q,2020,527127.0,24226.0,551354.0,0.9560590836377356
26,Q,2020,494169.0,25456.0,519625.0,0.951010825114265
26,Q,2020,546723.0,32837.0,579560.0,0.9433415004486162
26,Q,2020,390690.0,19499.0,410198.0,0.9524424789979472
26,Q,2020,573738.0,30287.0,604034.0,0.9498438829602308
26,Q,2020,571512.0,32395.0,603907.0,0.9463576345364436
26,Q,2020,538189.0,35050.0,573245.0,0.9388463920313304
26,Q,2020,458329.0,62158.0,520512.0,0.8805349348333948
27,Q,2018,596537.0,45093.0,641690.0,0.9296342470663403
27,Q,2018,882208.0,60991.0,943470.0,0.9350673577326252
27,Q,2018,711580.0,60744.0,772571.0,0.9210545050228394
27,Q,2018,589758.0,53491.0,643356.0,0.9166899819073732
27,Q,2018,766526.0,84192.0,859314.0,0.8920208445341283
27,Q,2018,549571.0,50121.0,600746.0,0.914814247618794
27,Q,2018,784398.0,68728.0,858015.0,0.9142008006853029
27,Q,2018,632571.0,52861.0,685827.0,0.9223477640862784
27,Q,2018,863287.0,79884.0,943613.0,0.914874000252222
27,Q,2018,502530.0,80280.0,596328.0,0.8427073690988852
27,Q,2019,680963.0,46204.0,727433.0,0.9361178280336472
27,Q,2019,800281.0,56771.0,857491.0,0.9332820985876236
27,Q,2019,671206.0,57319.0,729139.0,0.9205460138601832
27,Q,2019,581508.0,60983.0,642587.0,0.904948279376956
27,Q,2019,763829.0,81660.0,856863.0,0.8914248835578149
27,Q,2019,586700.0,54830.0,641755.0,0.9142118098028064
27,Q,2019,369860.0,52274.0,427459.0,0.865252573931067
27,Q,2020,348626.0,64757.0,413393.0,0.8433282614848341
27,Q,2020,774602.0,99759.0,874364.0,0.8859033537519843
27,Q,2020,674506.0,76790.0,751327.0,0.8977529091860136
27,Q,2020,639273.0,69974.0,709272.0,0.9013086657868914
27,Q,2020,717124.0,74906.0,792042.0,0.9054115817090508
27,Q,2020,516858.0,51785.0,568649.0,0.9089227273766418
27,Q,2020,752920.0,74681.0,827609.0,0.9097532772118234
27,Q,2020,749347.0,77332.0,826683.0,0.9064502354590576
27,Q,2020,709805.0,75693.0,785501.0,0.9036334772330016
27,Q,2020,598939.0,100623.0,712296.0,0.8408568909554455
28,Q,2018,557995.0,39845.0,597897.0,0.9332627526145808
28,Q,2018,825355.0,52356.0,877910.0,0.9401362326434372
28,Q,2018,665144.0,51973.0,717222.0,0.9273892881144192
28,Q,2018,551782.0,45273.0,597131.0,0.9240551905695736
28,Q,2018,692646.0,69701.0,771469.0,0.8978273916385493
28,Q,2018,511718.0,42877.0,555454.0,0.9212608064754236
28,Q,2018,728523.0,61098.0,792196.0,0.9196246888396306
28,Q,2018,587745.0,45875.0,633864.0,0.9272414902881376
28,Q,2018,800287.0,70452.0,870901.0,0.9189184534177822
28,Q,2018,431747.0,69376.0,518396.0,0.8328517195348729
28,Q,2019,625625.0,42524.0,668421.0,0.9359744831475972
28,Q,2019,738210.0,47687.0,785947.0,0.9392618077300378
28,Q,2019,621519.0,45465.0,667375.0,0.9312890054317288
28,Q,2019,542455.0,46004.0,588539.0,0.921697627514914
28,Q,2019,686473.0,64754.0,758131.0,0.9054807150743076
28,Q,2019,542911.0,44399.0,587499.0,0.9241054027326004
28,Q,2019,344617.0,39988.0,391159.0,0.881015137067024
28,Q,2020,332760.0,42026.0,374876.0,0.8876535174297634
28,Q,2020,737924.0,67748.0,805672.0,0.9159111896652732
28,Q,2020,632943.0,57616.0,690559.0,0.9165661442396668
28,Q,2020,597843.0,53199.0,651044.0,0.918283556871732
28,Q,2020,670008.0,55878.0,725887.0,0.9230196986583312
28,Q,2020,480150.0,37300.0,517463.0,0.9278924290239108
28,Q,2020,705299.0,55908.0,761217.0,0.9265413147630702
28,Q,2020,700027.0,59856.0,759896.0,0.9212142187878342
28,Q,2020,660034.0,60951.0,721013.0,0.9154259354547004
28,Q,2020,567623.0,84837.0,660197.0,0.8597782177138036
29,Q,2018,352751.0,26693.0,379476.0,0.9295739387998186
29,Q,2018,522899.0,33894.0,556875.0,0.93898810325477
29,Q,2018,419630.0,35367.0,455061.0,0.9221401086887252
29,Q,2018,347535.0,31524.0,379115.0,0.9167007372433168
29,Q,2018,462712.0,47353.0,515136.0,0.8982326997142502
29,Q,2018,326948.0,27069.0,354607.0,0.9220009757280596
29,Q,2018,466501.0,39560.0,506783.0,0.9205143029659636
29,Q,2018,374705.0,30581.0,405372.0,0.9243484996497044
29,Q,2018,511700.0,46024.0,557850.0,0.917271668011114
29,Q,2018,301427.0,54170.0,362512.0,0.8314952332612437
29,Q,2019,390519.0,25095.0,415734.0,0.939348237093911
29,Q,2019,460503.0,29274.0,489860.0,0.940070632425591
29,Q,2019,384800.0,31417.0,416427.0,0.9240515144311008
29,Q,2019,335670.0,32051.0,367790.0,0.9126675548546724
29,Q,2019,449525.0,45996.0,499887.0,0.899253231230258
29,Q,2019,338416.0,29974.0,368613.0,0.9180793949209604
29,Q,2019,217583.0,27196.0,246204.0,0.8837508732595734
29,Q,2020,193596.0,38789.0,232392.0,0.8330579365898998
29,Q,2020,430603.0,60045.0,490682.0,0.8775602121129367
29,Q,2020,369041.0,51714.0,420766.0,0.8770694400212945
29,Q,2020,353101.0,43857.0,396961.0,0.889510556452649
29,Q,2020,398551.0,45038.0,443606.0,0.8984346469614929
29,Q,2020,291486.0,30625.0,322114.0,0.9049156509807088
29,Q,2020,424071.0,42806.0,466883.0,0.9083025083372064
29,Q,2020,421002.0,45548.0,466551.0,0.9023708019059008
29,Q,2020,398702.0,44561.0,443292.0,0.8994116744719056
29,Q,2020,345278.0,51819.0,397112.0,0.8694725921150708
30,Q,2018,545375.0,33304.0,578945.0,0.94201521733498
30,Q,2018,808473.0,41159.0,849721.0,0.9514570076531004
30,Q,2018,652118.0,41274.0,693573.0,0.9402297955658596
30,Q,2018,539544.0,37135.0,576774.0,0.9354513206212486
30,Q,2018,696184.0,61630.0,759933.0,0.916112341482736
30,Q,2018,499576.0,36295.0,536843.0,0.9305811941293824
30,Q,2018,717817.0,48284.0,766387.0,0.9366247078825712
30,Q,2018,576328.0,36538.0,613067.0,0.9400734340618562
30,Q,2018,787511.0,55561.0,843269.0,0.9338787504343216
30,Q,2018,457557.0,56406.0,518691.0,0.8821379202646662
30,Q,2019,608894.0,34271.0,643266.0,0.9465664281961116
30,Q,2019,718471.0,36916.0,755779.0,0.9506363632755078
30,Q,2019,602857.0,37527.0,641799.0,0.9393236823366816
30,Q,2019,525141.0,39855.0,566034.0,0.927755223184473
30,Q,2019,684611.0,57953.0,744840.0,0.9191383384351002
30,Q,2019,526612.0,37576.0,565043.0,0.9319857072824546
30,Q,2019,338392.0,35714.0,376517.0,0.8987429518454678
30,Q,2020,318567.0,44276.0,362843.0,0.8779747714576277
30,Q,2020,684803.0,78350.0,763159.0,0.8973267693888167
30,Q,2020,597604.0,55592.0,653198.0,0.9148895128276572
30,Q,2020,572991.0,42745.0,615745.0,0.9305654126302284
30,Q,2020,641971.0,45191.0,687164.0,0.9342325849433324
30,Q,2020,464883.0,30134.0,495027.0,0.9391063517747515
30,Q,2020,674359.0,46991.0,721360.0,0.9348439059554176
30,Q,2020,669811.0,51194.0,721017.0,0.9289808700765724
30,Q,2020,631223.0,54094.0,685324.0,0.9210577770514384
30,Q,2020,542840.0,74214.0,622875.0,0.871507124222356
31,R,2018,844693.0,47665.0,892420.0,0.946519575984402
31,R,2018,1235716.0,73544.0,1309510.0,0.9436476239203976
31,R,2018,989070.0,82142.0,1071635.0,0.922954177495136
31,R,2018,822775.0,70033.0,892958.0,0.9214039182133986
31,R,2018,1058279.0,103201.0,1164356.0,0.9088964199952592
31,R,2018,764025.0,67948.0,833193.0,0.9169844201763576
31,R,2018,1092772.0,86932.0,1190336.0,0.9180365879886015
31,R,2018,884486.0,66960.0,951722.0,0.9293533195618048
31,R,2018,1204005.0,103685.0,1308229.0,0.920331990805891
31,R,2018,691176.0,93758.0,791342.0,0.8734226162645228
31,R,2019,966903.0,49782.0,1016950.0,0.9507871576773688
31,R,2019,1134311.0,63743.0,1198228.0,0.9466570635972452
31,R,2019,943293.0,73964.0,1018469.0,0.9261872477218256
31,R,2019,823145.0,75567.0,898917.0,0.9157074568619796
31,R,2019,1068700.0,100201.0,1171814.0,0.9120048062235132
31,R,2019,827694.0,70548.0,898494.0,0.9212014771384116
31,R,2019,508176.0,79408.0,599190.0,0.8481049416712562
31,R,2020,515279.0,80216.0,595511.0,0.8652720100888145
31,R,2020,1121626.0,129118.0,1250763.0,0.8967534217113874
31,R,2020,952762.0,118358.0,1071136.0,0.8894874226988917
31,R,2020,905804.0,104855.0,1010670.0,0.8962411073842105
31,R,2020,1013888.0,114249.0,1128149.0,0.8987181657742018
31,R,2020,728162.0,83270.0,811452.0,0.897356836880062
31,R,2020,1058066.0,125411.0,1183509.0,0.8940075656374392
31,R,2020,1045610.0,137860.0,1183493.0,0.8834948749168774
31,R,2020,989154.0,134982.0,1124160.0,0.8799049957301451
31,R,2020,844183.0,153675.0,1023598.0,0.824721228451013
32,K,2018,140801.0,11700.0,152531.0,0.9230975998321652
32,K,2018,208428.0,15815.0,224309.0,0.9292003441680896
32,K,2018,167884.0,15774.0,183704.0,0.913883203414188
32,K,2018,139376.0,13745.0,153191.0,0.9098184619200866
32,K,2018,180821.0,22128.0,204337.0,0.8849156051033342
32,K,2018,130188.0,12391.0,142800.0,0.9116806722689076
32,K,2018,185975.0,18165.0,204266.0,0.9104549949575552
32,K,2018,150151.0,13828.0,164038.0,0.9153427864275352
32,K,2018,206661.0,20893.0,227695.0,0.907622038252926
32,K,2018,122484.0,19814.0,144332.0,0.8486267771526758
32,K,2019,160634.0,12240.0,172930.0,0.9288960851211472
32,K,2019,190661.0,14437.0,205128.0,0.9294733044733045
32,K,2019,159563.0,14800.0,174477.0,0.9145216848065936
32,K,2019,139151.0,14476.0,153651.0,0.9056302920254342
32,K,2019,181662.0,21159.0,203869.0,0.8910722081336545
32,K,2019,139516.0,14043.0,153587.0,0.9083841731396536
32,K,2019,89295.0,12825.0,102419.0,0.8718597135297161
32,K,2020,77756.0,19618.0,97380.0,0.798480180735264
32,K,2020,175945.0,29873.0,205825.0,0.8548281306935503
32,K,2020,153716.0,22634.0,176360.0,0.8716035382172829
32,K,2020,148061.0,18349.0,166416.0,0.8897041149889434
32,K,2020,166218.0,19732.0,185952.0,0.8938758389261745
32,K,2020,119779.0,13908.0,133712.0,0.8957984324518368
32,K,2020,175503.0,20073.0,195594.0,0.897282125218565
32,K,2020,176973.0,19764.0,196739.0,0.8995318670929505
32,K,2020,170167.0,18960.0,189128.0,0.8997451461444101
32,K,2020,147630.0,22830.0,172898.0,0.8538560307233166
